Series_reference,Period,Data_value,Suppressed,STATUS,UNITS,Magnitude,Subject,Group,Series_title_1,Series_title_2,Series_title_3,Series_title_4,Series_title_5
SSSQ.SFMN1111CA,2004.06,1248.356,,F,dollars,6,Selected Services Survey (ANZSIC06) - SSS,Industry sales - Subannual Financial Collection,"Scientific, Architectural and Engineering Services",Sales (operating income),Current prices,Actual,
SSSQ.SFMN1111CA,2004.09,1220.571,,F,dollars,6,Selected Services Survey (ANZSIC06) - SSS,Industry sales - Subannual Financial Collection,"Scientific, Architectural and Engineering Services",Sales (operating income),Current prices,Actual,
SSSQ.SFMN1111CA,2004.12,1263.82,,F,dollars,6,Selected Services Survey (ANZSIC06) - SSS,Industry sales - Subannual Financial Collection,"Scientific, Architectural and Engineering Services",Sales (operating income),Current prices,Actual,
SSSQ.SFMN1111CA,2005.03,1146.156,,F,dollars,6,Selected Services Survey (ANZSIC06) - SSS,Industry sales - Subannual Financial Collection,"Scientific, Architectural and Engineering Services",Sales (operating income),Current prices,Actual,
SSSQ.SFMN1111CA,2005.06,1382.692,,F,dollars,6,Selected Services Survey (ANZSIC06) - SSS,Industry sales - Subannual Financial Collection,"Scientific, Architectural and Engineering Services",Sales (operating income),Current prices,Actual,
SSSQ.SFMN1111CA,2005.09,1299.487,,F,dollars,6,Selected Services Survey (ANZSIC06) - SSS,Industry sales - Subannual Financial Collection,"Scientific, Architectural and Engineering Services",Sales (operating income),Current prices,Actual,
SSSQ.SFMN1111CA,2005.12,1343.035,,F,dollars,6,Selected Services Survey (ANZSIC06) - SSS,Industry sales - Subannual Financial Collection,"Scientific, Architectural and Engineering Services",Sales (operating income),Current prices,Actual,
SSSQ.SFMN1111CA,2006.03,1299.705,,F,dollars,6,Selected Services Survey (ANZSIC06) - SSS,Industry sales - Subannual Financial Collection,"Scientific, Architectural and Engineering Services",Sales (operating income),Current prices,Actual,
SSSQ.SFMN1111CA,2006.06,1469.855,,F,dollars,6,Selected Services Survey (ANZSIC06) - SSS,Industry sales - Subannual Financial Collection,"Scientific, Architectural and Engineering Services",Sales (operating income),Current prices,Actual,
SSSQ.SFMN1111CA,2006.09,1443.402,,F,dollars,6,Selected Services Survey (ANZSIC06) - SSS,Industry sales - Subannual Financial Collection,"Scientific, Architectural and Engineering Services",Sales (operating income),Current prices,Actual,
SSSQ.SFMN1111CA,2006.12,1455.796,,F,dollars,6,Selected Services Survey (ANZSIC06) - SSS,Industry sales - Subannual Financial Collection,"Scientific, Architectural and Engineering Services",Sales (operating income),Current prices,Actual,
SSSQ.SFMN1111CA,2007.03,1413.794,,F,dollars,6,Selected Services Survey (ANZSIC06) - SSS,Industry sales - Subannual Financial Collection,"Scientific, Architectural and Engineering Services",Sales (operating income),Current prices,Actual,
SSSQ.SFMN1111CA,2007.06,1583.683,,F,dollars,6,Selected Services Survey (ANZSIC06) - SSS,Industry sales - Subannual Financial Collection,"Scientific, Architectural and Engineering Services",Sales (operating income),Current prices,Actual,
SSSQ.SFMN1111CA,2007.09,1533.197,,F,dollars,6,Selected Services Survey (ANZSIC06) - SSS,Industry sales - Subannual Financial Collection,"Scientific, Architectural and Engineering Services",Sales (operating income),Current prices,Actual,
SSSQ.SFMN1111CA,2007.12,1667.257,,F,dollars,6,Selected Services Survey (ANZSIC06) - SSS,Industry sales - Subannual Financial Collection,"Scientific, Architectural and Engineering Services",Sales (operating income),Current prices,Actual,
SSSQ.SFMN1111CA,2008.03,1543.747,,F,dollars,6,Selected Services Survey (ANZSIC06) - SSS,Industry sales - Subannual Financial Collection,"Scientific, Architectural and Engineering Services",Sales (operating income),Current prices,Actual,
SSSQ.SFMN1111CA,2008.06,1743.601,,F,dollars,6,Selected Services Survey (ANZSIC06) - SSS,Industry sales - Subannual Financial Collection,"Scientific, Architectural and Engineering Services",Sales (operating income),Current prices,Actual,
SSSQ.SFMN1111CA,2008.09,1640.113,,F,dollars,6,Selected Services Survey (ANZSIC06) - SSS,Industry sales - Subannual Financial Collection,"Scientific, Architectural and Engineering Services",Sales (operating income),Current prices,Actual,
SSSQ.SFMN1111CA,2008.12,1693.695,,F,dollars,6,Selected Services Survey (ANZSIC06) - SSS,Industry sales - Subannual Financial Collection,"Scientific, Architectural and Engineering Services",Sales (operating income),Current prices,Actual,
SSSQ.SFMN1111CA,2009.03,1548.401,,F,dollars,6,Selected Services Survey (ANZSIC06) - SSS,Industry sales - Subannual Financial Collection,"Scientific, Architectural and Engineering Services",Sales (operating income),Current prices,Actual,
SSSQ.SFMN1111CA,2009.06,1654.671,,F,dollars,6,Selected Services Survey (ANZSIC06) - SSS,Industry sales - Subannual Financial Collection,"Scientific, Architectural and Engineering Services",Sales (operating income),Current prices,Actual,
SSSQ.SFMN1111CA,2009.09,1534.132,,F,dollars,6,Selected Services Survey (ANZSIC06) - SSS,Industry sales - Subannual Financial Collection,"Scientific, Architectural and Engineering Services",Sales (operating income),Current prices,Actual,
SSSQ.SFMN1111CA,2009.12,1506.592,,F,dollars,6,Selected Services Survey (ANZSIC06) - SSS,Industry sales - Subannual Financial Collection,"Scientific, Architectural and Engineering Services",Sales (operating income),Current prices,Actual,
SSSQ.SFMN1111CA,2010.03,1453.047,,F,dollars,6,Selected Services Survey (ANZSIC06) - SSS,Industry sales - Subannual Financial Collection,"Scientific, Architectural and Engineering Services",Sales (operating income),Current prices,Actual,
SSSQ.SFMN1111CA,2010.06,1591.581,,F,dollars,6,Selected Services Survey (ANZSIC06) - SSS,Industry sales - Subannual Financial Collection,"Scientific, Architectural and Engineering Services",Sales (operating income),Current prices,Actual,
SSSQ.SFMN1111CA,2010.09,1536.932,,F,dollars,6,Selected Services Survey (ANZSIC06) - SSS,Industry sales - Subannual Financial Collection,"Scientific, Architectural and Engineering Services",Sales (operating income),Current prices,Actual,
SSSQ.SFMN1111CA,2010.12,1487.946,,F,dollars,6,Selected Services Survey (ANZSIC06) - SSS,Industry sales - Subannual Financial Collection,"Scientific, Architectural and Engineering Services",Sales (operating income),Current prices,Actual,
SSSQ.SFMN1111CA,2011.03,1381.274,,F,dollars,6,Selected Services Survey (ANZSIC06) - SSS,Industry sales - Subannual Financial Collection,"Scientific, Architectural and Engineering Services",Sales (operating income),Current prices,Actual,
SSSQ.SFMN1111CA,2011.06,1632.197,,F,dollars,6,Selected Services Survey (ANZSIC06) - SSS,Industry sales - Subannual Financial Collection,"Scientific, Architectural and Engineering Services",Sales (operating income),Current prices,Actual,
SSSQ.SFMN1111CA,2011.09,1642.985,,F,dollars,6,Selected Services Survey (ANZSIC06) - SSS,Industry sales - Subannual Financial Collection,"Scientific, Architectural and Engineering Services",Sales (operating income),Current prices,Actual,
SSSQ.SFMN1111CA,2011.12,1615.744,,F,dollars,6,Selected Services Survey (ANZSIC06) - SSS,Industry sales - Subannual Financial Collection,"Scientific, Architectural and Engineering Services",Sales (operating income),Current prices,Actual,
SSSQ.SFMN1111CA,2012.03,1507.644,,F,dollars,6,Selected Services Survey (ANZSIC06) - SSS,Industry sales - Subannual Financial Collection,"Scientific, Architectural and Engineering Services",Sales (operating income),Current prices,Actual,
SSSQ.SFMN1111CA,2012.06,1785.809,,F,dollars,6,Selected Services Survey (ANZSIC06) - SSS,Industry sales - Subannual Financial Collection,"Scientific, Architectural and Engineering Services",Sales (operating income),Current prices,Actual,
SSSQ.SFMN1111CA,2012.09,1690.838,,F,dollars,6,Selected Services Survey (ANZSIC06) - SSS,Industry sales - Subannual Financial Collection,"Scientific, Architectural and Engineering Services",Sales (operating income),Current prices,Actual,
SSSQ.SFMN1111CA,2012.12,1755.005,,F,dollars,6,Selected Services Survey (ANZSIC06) - SSS,Industry sales - Subannual Financial Collection,"Scientific, Architectural and Engineering Services",Sales (operating income),Current prices,Actual,
SSSQ.SFMN1111CA,2013.03,1669.393,,F,dollars,6,Selected Services Survey (ANZSIC06) - SSS,Industry sales - Subannual Financial Collection,"Scientific, Architectural and Engineering Services",Sales (operating income),Current prices,Actual,
SSSQ.SFMN1111CA,2013.06,1900.785,,F,dollars,6,Selected Services Survey (ANZSIC06) - SSS,Industry sales - Subannual Financial Collection,"Scientific, Architectural and Engineering Services",Sales (operating income),Current prices,Actual,
SSSQ.SFMN1111CA,2013.09,1928.821,,F,dollars,6,Selected Services Survey (ANZSIC06) - SSS,Industry sales - Subannual Financial Collection,"Scientific, Architectural and Engineering Services",Sales (operating income),Current prices,Actual,
SSSQ.SFMN1111CA,2013.12,1968.798,,F,dollars,6,Selected Services Survey (ANZSIC06) - SSS,Industry sales - Subannual Financial Collection,"Scientific, Architectural and Engineering Services",Sales (operating income),Current prices,Actual,
SSSQ.SFMN1111CA,2014.03,1803.015,,F,dollars,6,Selected Services Survey (ANZSIC06) - SSS,Industry sales - Subannual Financial Collection,"Scientific, Architectural and Engineering Services",Sales (operating income),Current prices,Actual,
SSSQ.SFMN1111CA,2014.06,2025.168,,F,dollars,6,Selected Services Survey (ANZSIC06) - SSS,Industry sales - Subannual Financial Collection,"Scientific, Architectural and Engineering Services",Sales (operating income),Current prices,Actual,
SSSQ.SFMN1111CA,2014.09,2070.69,,F,dollars,6,Selected Services Survey (ANZSIC06) - SSS,Industry sales - Subannual Financial Collection,"Scientific, Architectural and Engineering Services",Sales (operating income),Current prices,Actual,
SSSQ.SFMN1111CA,2014.12,2064.026,,F,dollars,6,Selected Services Survey (ANZSIC06) - SSS,Industry sales - Subannual Financial Collection,"Scientific, Architectural and Engineering Services",Sales (operating income),Current prices,Actual,
SSSQ.SFMN1111CA,2015.03,1975.476,,F,dollars,6,Selected Services Survey (ANZSIC06) - SSS,Industry sales - Subannual Financial Collection,"Scientific, Architectural and Engineering Services",Sales (operating income),Current prices,Actual,
SSSQ.SFMN1111CA,2015.06,2189.574,,F,dollars,6,Selected Services Survey (ANZSIC06) - SSS,Industry sales - Subannual Financial Collection,"Scientific, Architectural and Engineering Services",Sales (operating income),Current prices,Actual,
SSSQ.SFMN1111CA,2015.09,2253.256,,F,dollars,6,Selected Services Survey (ANZSIC06) - SSS,Industry sales - Subannual Financial Collection,"Scientific, Architectural and Engineering Services",Sales (operating income),Current prices,Actual,
SSSQ.SFMN1111CA,2015.12,2265.199,,F,dollars,6,Selected Services Survey (ANZSIC06) - SSS,Industry sales - Subannual Financial Collection,"Scientific, Architectural and Engineering Services",Sales (operating income),Current prices,Actual,
SSSQ.SFMN1111CA,2016.03,2066.495,,F,dollars,6,Selected Services Survey (ANZSIC06) - SSS,Industry sales - Subannual Financial Collection,"Scientific, Architectural and Engineering Services",Sales (operating income),Current prices,Actual,
SSSQ.SFMN1111CA,2016.06,2277.065,,F,dollars,6,Selected Services Survey (ANZSIC06) - SSS,Industry sales - Subannual Financial Collection,"Scientific, Architectural and Engineering Services",Sales (operating income),Current prices,Actual,
SSSQ.SFMN1111CA,2016.09,2436.012,,F,dollars,6,Selected Services Survey (ANZSIC06) - SSS,Industry sales - Subannual Financial Collection,"Scientific, Architectural and Engineering Services",Sales (operating income),Current prices,Actual,
SSSQ.SFMN1111CA,2016.12,2463.123,,F,dollars,6,Selected Services Survey (ANZSIC06) - SSS,Industry sales - Subannual Financial Collection,"Scientific, Architectural and Engineering Services",Sales (operating income),Current prices,Actual,
SSSQ.SFMN1111CA,2017.03,2245.417,,F,dollars,6,Selected Services Survey (ANZSIC06) - SSS,Industry sales - Subannual Financial Collection,"Scientific, Architectural and Engineering Services",Sales (operating income),Current prices,Actual,
SSSQ.SFMN1111CA,2017.06,2554.515,,F,dollars,6,Selected Services Survey (ANZSIC06) - SSS,Industry sales - Subannual Financial Collection,"Scientific, Architectural and Engineering Services",Sales (operating income),Current prices,Actual,
SSSQ.SFMN1111CA,2017.09,2607.25,,F,dollars,6,Selected Services Survey (ANZSIC06) - SSS,Industry sales - Subannual Financial Collection,"Scientific, Architectural and Engineering Services",Sales (operating income),Current prices,Actual,
SSSQ.SFMN1111CA,2017.12,2661.186,,F,dollars,6,Selected Services Survey (ANZSIC06) - SSS,Industry sales - Subannual Financial Collection,"Scientific, Architectural and Engineering Services",Sales (operating income),Current prices,Actual,
SSSQ.SFMN1111CA,2018.03,2444.622,,F,dollars,6,Selected Services Survey (ANZSIC06) - SSS,Industry sales - Subannual Financial Collection,"Scientific, Architectural and Engineering Services",Sales (operating income),Current prices,Actual,
SSSQ.SFMN1111CA,2018.06,2743.377,,F,dollars,6,Selected Services Survey (ANZSIC06) - SSS,Industry sales - Subannual Financial Collection,"Scientific, Architectural and Engineering Services",Sales (operating income),Current prices,Actual,
SSSQ.SFMN1111CA,2018.09,2703.979,,F,dollars,6,Selected Services Survey (ANZSIC06) - SSS,Industry sales - Subannual Financial Collection,"Scientific, Architectural and Engineering Services",Sales (operating income),Current prices,Actual,
SSSQ.SFMN1111CA,2018.12,2743.712,,F,dollars,6,Selected Services Survey (ANZSIC06) - SSS,Industry sales - Subannual Financial Collection,"Scientific, Architectural and Engineering Services",Sales (operating income),Current prices,Actual,
SSSQ.SFMN1111CA,2019.03,2570.181,,F,dollars,6,Selected Services Survey (ANZSIC06) - SSS,Industry sales - Subannual Financial Collection,"Scientific, Architectural and Engineering Services",Sales (operating income),Current prices,Actual,
SSSQ.SFMN1111CA,2019.06,2952.587,,F,dollars,6,Selected Services Survey (ANZSIC06) - SSS,Industry sales - Subannual Financial Collection,"Scientific, Architectural and Engineering Services",Sales (operating income),Current prices,Actual,
SSSQ.SFMN1111CA,2019.09,3074.907,,F,dollars,6,Selected Services Survey (ANZSIC06) - SSS,Industry sales - Subannual Financial Collection,"Scientific, Architectural and Engineering Services",Sales (operating income),Current prices,Actual,
SSSQ.SFMN1111CA,2019.12,3006.6,,F,dollars,6,Selected Services Survey (ANZSIC06) - SSS,Industry sales - Subannual Financial Collection,"Scientific, Architectural and Engineering Services",Sales (operating income),Current prices,Actual,
SSSQ.SFMN1111CA,2020.03,2717.87,,F,dollars,6,Selected Services Survey (ANZSIC06) - SSS,Industry sales - Subannual Financial Collection,"Scientific, Architectural and Engineering Services",Sales (operating income),Current prices,Actual,
SSSQ.SFMN1111CA,2020.06,2698.788,,F,dollars,6,Selected Services Survey (ANZSIC06) - SSS,Industry sales - Subannual Financial Collection,"Scientific, Architectural and Engineering Services",Sales (operating income),Current prices,Actual,
SSSQ.SFMN1111CA,2020.09,2975.854,,F,dollars,6,Selected Services Survey (ANZSIC06) - SSS,Industry sales - Subannual Financial Collection,"Scientific, Architectural and Engineering Services",Sales (operating income),Current prices,Actual,
SSSQ.SFMN1111CA,2020.12,2966.112,,F,dollars,6,Selected Services Survey (ANZSIC06) - SSS,Industry sales - Subannual Financial Collection,"Scientific, Architectural and Engineering Services",Sales (operating income),Current prices,Actual,
SSSQ.SFMN1111CA,2021.03,2810.986,,F,dollars,6,Selected Services Survey (ANZSIC06) - SSS,Industry sales - Subannual Financial Collection,"Scientific, Architectural and Engineering Services",Sales (operating income),Current prices,Actual,
SSSQ.SFMN1111CA,2021.06,3512.689,,F,dollars,6,Selected Services Survey (ANZSIC06) - SSS,Industry sales - Subannual Financial Collection,"Scientific, Architectural and Engineering Services",Sales (operating income),Current prices,Actual,
SSSQ.SFMN1111CA,2021.09,3330.49,,F,dollars,6,Selected Services Survey (ANZSIC06) - SSS,Industry sales - Subannual Financial Collection,"Scientific, Architectural and Engineering Services",Sales (operating income),Current prices,Actual,
SSSQ.SFMN1111CA,2021.12,3540.316,,F,dollars,6,Selected Services Survey (ANZSIC06) - SSS,Industry sales - Subannual Financial Collection,"Scientific, Architectural and Engineering Services",Sales (operating income),Current prices,Actual,
SSSQ.SFMN1111CA,2022.03,3266.154,,F,dollars,6,Selected Services Survey (ANZSIC06) - SSS,Industry sales - Subannual Financial Collection,"Scientific, Architectural and Engineering Services",Sales (operating income),Current prices,Actual,
SSSQ.SFMN1111CA,2022.06,3760.875,,F,dollars,6,Selected Services Survey (ANZSIC06) - SSS,Industry sales - Subannual Financial Collection,"Scientific, Architectural and Engineering Services",Sales (operating income),Current prices,Actual,
SSSQ.SFMN1111CA,2022.09,3928.287,,F,dollars,6,Selected Services Survey (ANZSIC06) - SSS,Industry sales - Subannual Financial Collection,"Scientific, Architectural and Engineering Services",Sales (operating income),Current prices,Actual,
SSSQ.SFMN1111CA,2022.12,3966.942,,F,dollars,6,Selected Services Survey (ANZSIC06) - SSS,Industry sales - Subannual Financial Collection,"Scientific, Architectural and Engineering Services",Sales (operating income),Current prices,Actual,
SSSQ.SFMN1111CA,2023.03,3422.253,,F,dollars,6,Selected Services Survey (ANZSIC06) - SSS,Industry sales - Subannual Financial Collection,"Scientific, Architectural and Engineering Services",Sales (operating income),Current prices,Actual,
SSSQ.SFMN1111CA,2023.06,4152.786,,F,dollars,6,Selected Services Survey (ANZSIC06) - SSS,Industry sales - Subannual Financial Collection,"Scientific, Architectural and Engineering Services",Sales (operating income),Current prices,Actual,
SSSQ.SFMN1111CA,2023.09,4215.97,,F,dollars,6,Selected Services Survey (ANZSIC06) - SSS,Industry sales - Subannual Financial Collection,"Scientific, Architectural and Engineering Services",Sales (operating income),Current prices,Actual,
SSSQ.SFMN1111CA,2023.12,4127.331,,F,dollars,6,Selected Services Survey (ANZSIC06) - SSS,Industry sales - Subannual Financial Collection,"Scientific, Architectural and Engineering Services",Sales (operating income),Current prices,Actual,
SSSQ.SFMN1111CA,2024.03,3577.662,,F,dollars,6,Selected Services Survey (ANZSIC06) - SSS,Industry sales - Subannual Financial Collection,"Scientific, Architectural and Engineering Services",Sales (operating income),Current prices,Actual,
SSSQ.SFMN1111CA,2024.06,4172.577,,F,dollars,6,Selected Services Survey (ANZSIC06) - SSS,Industry sales - Subannual Financial Collection,"Scientific, Architectural and Engineering Services",Sales (operating income),Current prices,Actual,
SSSQ.SFMN1111CA,2024.09,3930.143,,F,dollars,6,Selected Services Survey (ANZSIC06) - SSS,Industry sales - Subannual Financial Collection,"Scientific, Architectural and Engineering Services",Sales (operating income),Current prices,Actual,
SSSQ.SFMN1111CA,2024.12,3794.183,,F,dollars,6,Selected Services Survey (ANZSIC06) - SSS,Industry sales - Subannual Financial Collection,"Scientific, Architectural and Engineering Services",Sales (operating income),Current prices,Actual,
SSSQ.SFMN1111CA,2025.03,3484.282,,F,dollars,6,Selected Services Survey (ANZSIC06) - SSS,Industry sales - Subannual Financial Collection,"Scientific, Architectural and Engineering Services",Sales (operating income),Current prices,Actual,
SSSQ.SFMN1111CA,2025.06,4040.093,,F,dollars,6,Selected Services Survey (ANZSIC06) - SSS,Industry sales - Subannual Financial Collection,"Scientific, Architectural and Engineering Services",Sales (operating income),Current prices,Actual,
SSSQ.SFMN1111CA,2025.09,4160.179,,F,dollars,6,Selected Services Survey (ANZSIC06) - SSS,Industry sales - Subannual Financial Collection,"Scientific, Architectural and Engineering Services",Sales (operating income),Current prices,Actual,
SSSQ.SFMN1111CA,2025.12,4161.002,,F,dollars,6,Selected Services Survey (ANZSIC06) - SSS,Industry sales - Subannual Financial Collection,"Scientific, Architectural and Engineering Services",Sales (operating income),Current prices,Actual,
SSSQ.SFMN1111CS,2004.06,1185.527,,F,dollars,6,Selected Services Survey (ANZSIC06) - SSS,Industry sales - Subannual Financial Collection,"Scientific, Architectural and Engineering Services",Sales (operating income),Current prices,Seasonally adjusted,
SSSQ.SFMN1111CS,2004.09,1227.738,,F,dollars,6,Selected Services Survey (ANZSIC06) - SSS,Industry sales - Subannual Financial Collection,"Scientific, Architectural and Engineering Services",Sales (operating income),Current prices,Seasonally adjusted,
SSSQ.SFMN1111CS,2004.12,1252.451,,F,dollars,6,Selected Services Survey (ANZSIC06) - SSS,Industry sales - Subannual Financial Collection,"Scientific, Architectural and Engineering Services",Sales (operating income),Current prices,Seasonally adjusted,
SSSQ.SFMN1111CS,2005.03,1214.062,,F,dollars,6,Selected Services Survey (ANZSIC06) - SSS,Industry sales - Subannual Financial Collection,"Scientific, Architectural and Engineering Services",Sales (operating income),Current prices,Seasonally adjusted,
SSSQ.SFMN1111CS,2005.06,1313.189,,F,dollars,6,Selected Services Survey (ANZSIC06) - SSS,Industry sales - Subannual Financial Collection,"Scientific, Architectural and Engineering Services",Sales (operating income),Current prices,Seasonally adjusted,
SSSQ.SFMN1111CS,2005.09,1308.925,,F,dollars,6,Selected Services Survey (ANZSIC06) - SSS,Industry sales - Subannual Financial Collection,"Scientific, Architectural and Engineering Services",Sales (operating income),Current prices,Seasonally adjusted,
SSSQ.SFMN1111CS,2005.12,1328.599,,F,dollars,6,Selected Services Survey (ANZSIC06) - SSS,Industry sales - Subannual Financial Collection,"Scientific, Architectural and Engineering Services",Sales (operating income),Current prices,Seasonally adjusted,
SSSQ.SFMN1111CS,2006.03,1376.945,,F,dollars,6,Selected Services Survey (ANZSIC06) - SSS,Industry sales - Subannual Financial Collection,"Scientific, Architectural and Engineering Services",Sales (operating income),Current prices,Seasonally adjusted,
SSSQ.SFMN1111CS,2006.06,1396.714,,F,dollars,6,Selected Services Survey (ANZSIC06) - SSS,Industry sales - Subannual Financial Collection,"Scientific, Architectural and Engineering Services",Sales (operating income),Current prices,Seasonally adjusted,
SSSQ.SFMN1111CS,2006.09,1454.883,,F,dollars,6,Selected Services Survey (ANZSIC06) - SSS,Industry sales - Subannual Financial Collection,"Scientific, Architectural and Engineering Services",Sales (operating income),Current prices,Seasonally adjusted,
SSSQ.SFMN1111CS,2006.12,1439.094,,F,dollars,6,Selected Services Survey (ANZSIC06) - SSS,Industry sales - Subannual Financial Collection,"Scientific, Architectural and Engineering Services",Sales (operating income),Current prices,Seasonally adjusted,
SSSQ.SFMN1111CS,2007.03,1496.129,,F,dollars,6,Selected Services Survey (ANZSIC06) - SSS,Industry sales - Subannual Financial Collection,"Scientific, Architectural and Engineering Services",Sales (operating income),Current prices,Seasonally adjusted,
SSSQ.SFMN1111CS,2007.06,1508.251,,F,dollars,6,Selected Services Survey (ANZSIC06) - SSS,Industry sales - Subannual Financial Collection,"Scientific, Architectural and Engineering Services",Sales (operating income),Current prices,Seasonally adjusted,
SSSQ.SFMN1111CS,2007.09,1542.068,,F,dollars,6,Selected Services Survey (ANZSIC06) - SSS,Industry sales - Subannual Financial Collection,"Scientific, Architectural and Engineering Services",Sales (operating income),Current prices,Seasonally adjusted,
SSSQ.SFMN1111CS,2007.12,1649.224,,F,dollars,6,Selected Services Survey (ANZSIC06) - SSS,Industry sales - Subannual Financial Collection,"Scientific, Architectural and Engineering Services",Sales (operating income),Current prices,Seasonally adjusted,
SSSQ.SFMN1111CS,2008.03,1633.885,,F,dollars,6,Selected Services Survey (ANZSIC06) - SSS,Industry sales - Subannual Financial Collection,"Scientific, Architectural and Engineering Services",Sales (operating income),Current prices,Seasonally adjusted,
SSSQ.SFMN1111CS,2008.06,1663.704,,F,dollars,6,Selected Services Survey (ANZSIC06) - SSS,Industry sales - Subannual Financial Collection,"Scientific, Architectural and Engineering Services",Sales (operating income),Current prices,Seasonally adjusted,
SSSQ.SFMN1111CS,2008.09,1643.211,,F,dollars,6,Selected Services Survey (ANZSIC06) - SSS,Industry sales - Subannual Financial Collection,"Scientific, Architectural and Engineering Services",Sales (operating income),Current prices,Seasonally adjusted,
SSSQ.SFMN1111CS,2008.12,1677.011,,F,dollars,6,Selected Services Survey (ANZSIC06) - SSS,Industry sales - Subannual Financial Collection,"Scientific, Architectural and Engineering Services",Sales (operating income),Current prices,Seasonally adjusted,
SSSQ.SFMN1111CS,2009.03,1642.422,,F,dollars,6,Selected Services Survey (ANZSIC06) - SSS,Industry sales - Subannual Financial Collection,"Scientific, Architectural and Engineering Services",Sales (operating income),Current prices,Seasonally adjusted,
SSSQ.SFMN1111CS,2009.06,1580.994,,F,dollars,6,Selected Services Survey (ANZSIC06) - SSS,Industry sales - Subannual Financial Collection,"Scientific, Architectural and Engineering Services",Sales (operating income),Current prices,Seasonally adjusted,
SSSQ.SFMN1111CS,2009.09,1528.883,,F,dollars,6,Selected Services Survey (ANZSIC06) - SSS,Industry sales - Subannual Financial Collection,"Scientific, Architectural and Engineering Services",Sales (operating income),Current prices,Seasonally adjusted,
SSSQ.SFMN1111CS,2009.12,1493.203,,F,dollars,6,Selected Services Survey (ANZSIC06) - SSS,Industry sales - Subannual Financial Collection,"Scientific, Architectural and Engineering Services",Sales (operating income),Current prices,Seasonally adjusted,
SSSQ.SFMN1111CS,2010.03,1547.435,,F,dollars,6,Selected Services Survey (ANZSIC06) - SSS,Industry sales - Subannual Financial Collection,"Scientific, Architectural and Engineering Services",Sales (operating income),Current prices,Seasonally adjusted,
SSSQ.SFMN1111CS,2010.06,1522.002,,F,dollars,6,Selected Services Survey (ANZSIC06) - SSS,Industry sales - Subannual Financial Collection,"Scientific, Architectural and Engineering Services",Sales (operating income),Current prices,Seasonally adjusted,
SSSQ.SFMN1111CS,2010.09,1523.234,,F,dollars,6,Selected Services Survey (ANZSIC06) - SSS,Industry sales - Subannual Financial Collection,"Scientific, Architectural and Engineering Services",Sales (operating income),Current prices,Seasonally adjusted,
SSSQ.SFMN1111CS,2010.12,1475.587,,F,dollars,6,Selected Services Survey (ANZSIC06) - SSS,Industry sales - Subannual Financial Collection,"Scientific, Architectural and Engineering Services",Sales (operating income),Current prices,Seasonally adjusted,
SSSQ.SFMN1111CS,2011.03,1476.139,,F,dollars,6,Selected Services Survey (ANZSIC06) - SSS,Industry sales - Subannual Financial Collection,"Scientific, Architectural and Engineering Services",Sales (operating income),Current prices,Seasonally adjusted,
SSSQ.SFMN1111CS,2011.06,1564.845,,F,dollars,6,Selected Services Survey (ANZSIC06) - SSS,Industry sales - Subannual Financial Collection,"Scientific, Architectural and Engineering Services",Sales (operating income),Current prices,Seasonally adjusted,
SSSQ.SFMN1111CS,2011.09,1618.506,,F,dollars,6,Selected Services Survey (ANZSIC06) - SSS,Industry sales - Subannual Financial Collection,"Scientific, Architectural and Engineering Services",Sales (operating income),Current prices,Seasonally adjusted,
SSSQ.SFMN1111CS,2011.12,1602.295,,F,dollars,6,Selected Services Survey (ANZSIC06) - SSS,Industry sales - Subannual Financial Collection,"Scientific, Architectural and Engineering Services",Sales (operating income),Current prices,Seasonally adjusted,
SSSQ.SFMN1111CS,2012.03,1615.136,,F,dollars,6,Selected Services Survey (ANZSIC06) - SSS,Industry sales - Subannual Financial Collection,"Scientific, Architectural and Engineering Services",Sales (operating income),Current prices,Seasonally adjusted,
SSSQ.SFMN1111CS,2012.06,1719.131,,F,dollars,6,Selected Services Survey (ANZSIC06) - SSS,Industry sales - Subannual Financial Collection,"Scientific, Architectural and Engineering Services",Sales (operating income),Current prices,Seasonally adjusted,
SSSQ.SFMN1111CS,2012.09,1657.704,,F,dollars,6,Selected Services Survey (ANZSIC06) - SSS,Industry sales - Subannual Financial Collection,"Scientific, Architectural and Engineering Services",Sales (operating income),Current prices,Seasonally adjusted,
SSSQ.SFMN1111CS,2012.12,1736.306,,F,dollars,6,Selected Services Survey (ANZSIC06) - SSS,Industry sales - Subannual Financial Collection,"Scientific, Architectural and Engineering Services",Sales (operating income),Current prices,Seasonally adjusted,
SSSQ.SFMN1111CS,2013.03,1792.308,,F,dollars,6,Selected Services Survey (ANZSIC06) - SSS,Industry sales - Subannual Financial Collection,"Scientific, Architectural and Engineering Services",Sales (operating income),Current prices,Seasonally adjusted,
SSSQ.SFMN1111CS,2013.06,1838.649,,F,dollars,6,Selected Services Survey (ANZSIC06) - SSS,Industry sales - Subannual Financial Collection,"Scientific, Architectural and Engineering Services",Sales (operating income),Current prices,Seasonally adjusted,
SSSQ.SFMN1111CS,2013.09,1884.865,,F,dollars,6,Selected Services Survey (ANZSIC06) - SSS,Industry sales - Subannual Financial Collection,"Scientific, Architectural and Engineering Services",Sales (operating income),Current prices,Seasonally adjusted,
SSSQ.SFMN1111CS,2013.12,1940.751,,F,dollars,6,Selected Services Survey (ANZSIC06) - SSS,Industry sales - Subannual Financial Collection,"Scientific, Architectural and Engineering Services",Sales (operating income),Current prices,Seasonally adjusted,
SSSQ.SFMN1111CS,2014.03,1938.814,,F,dollars,6,Selected Services Survey (ANZSIC06) - SSS,Industry sales - Subannual Financial Collection,"Scientific, Architectural and Engineering Services",Sales (operating income),Current prices,Seasonally adjusted,
SSSQ.SFMN1111CS,2014.06,1968.629,,F,dollars,6,Selected Services Survey (ANZSIC06) - SSS,Industry sales - Subannual Financial Collection,"Scientific, Architectural and Engineering Services",Sales (operating income),Current prices,Seasonally adjusted,
SSSQ.SFMN1111CS,2014.09,2018.375,,F,dollars,6,Selected Services Survey (ANZSIC06) - SSS,Industry sales - Subannual Financial Collection,"Scientific, Architectural and Engineering Services",Sales (operating income),Current prices,Seasonally adjusted,
SSSQ.SFMN1111CS,2014.12,2027.883,,F,dollars,6,Selected Services Survey (ANZSIC06) - SSS,Industry sales - Subannual Financial Collection,"Scientific, Architectural and Engineering Services",Sales (operating income),Current prices,Seasonally adjusted,
SSSQ.SFMN1111CS,2015.03,2127.344,,F,dollars,6,Selected Services Survey (ANZSIC06) - SSS,Industry sales - Subannual Financial Collection,"Scientific, Architectural and Engineering Services",Sales (operating income),Current prices,Seasonally adjusted,
SSSQ.SFMN1111CS,2015.06,2135.521,,F,dollars,6,Selected Services Survey (ANZSIC06) - SSS,Industry sales - Subannual Financial Collection,"Scientific, Architectural and Engineering Services",Sales (operating income),Current prices,Seasonally adjusted,
SSSQ.SFMN1111CS,2015.09,2192.044,,F,dollars,6,Selected Services Survey (ANZSIC06) - SSS,Industry sales - Subannual Financial Collection,"Scientific, Architectural and Engineering Services",Sales (operating income),Current prices,Seasonally adjusted,
SSSQ.SFMN1111CS,2015.12,2221.661,,F,dollars,6,Selected Services Survey (ANZSIC06) - SSS,Industry sales - Subannual Financial Collection,"Scientific, Architectural and Engineering Services",Sales (operating income),Current prices,Seasonally adjusted,
SSSQ.SFMN1111CS,2016.03,2228.84,,F,dollars,6,Selected Services Survey (ANZSIC06) - SSS,Industry sales - Subannual Financial Collection,"Scientific, Architectural and Engineering Services",Sales (operating income),Current prices,Seasonally adjusted,
SSSQ.SFMN1111CS,2016.06,2223.226,,R,dollars,6,Selected Services Survey (ANZSIC06) - SSS,Industry sales - Subannual Financial Collection,"Scientific, Architectural and Engineering Services",Sales (operating income),Current prices,Seasonally adjusted,
SSSQ.SFMN1111CS,2016.09,2365.92,,R,dollars,6,Selected Services Survey (ANZSIC06) - SSS,Industry sales - Subannual Financial Collection,"Scientific, Architectural and Engineering Services",Sales (operating income),Current prices,Seasonally adjusted,
SSSQ.SFMN1111CS,2016.12,2415.424,,R,dollars,6,Selected Services Survey (ANZSIC06) - SSS,Industry sales - Subannual Financial Collection,"Scientific, Architectural and Engineering Services",Sales (operating income),Current prices,Seasonally adjusted,
SSSQ.SFMN1111CS,2017.03,2427.656,,R,dollars,6,Selected Services Survey (ANZSIC06) - SSS,Industry sales - Subannual Financial Collection,"Scientific, Architectural and Engineering Services",Sales (operating income),Current prices,Seasonally adjusted,
SSSQ.SFMN1111CS,2017.06,2489.025,,R,dollars,6,Selected Services Survey (ANZSIC06) - SSS,Industry sales - Subannual Financial Collection,"Scientific, Architectural and Engineering Services",Sales (operating income),Current prices,Seasonally adjusted,
SSSQ.SFMN1111CS,2017.09,2531.152,,R,dollars,6,Selected Services Survey (ANZSIC06) - SSS,Industry sales - Subannual Financial Collection,"Scientific, Architectural and Engineering Services",Sales (operating income),Current prices,Seasonally adjusted,
SSSQ.SFMN1111CS,2017.12,2612.499,,R,dollars,6,Selected Services Survey (ANZSIC06) - SSS,Industry sales - Subannual Financial Collection,"Scientific, Architectural and Engineering Services",Sales (operating income),Current prices,Seasonally adjusted,
SSSQ.SFMN1111CS,2018.03,2649.774,,R,dollars,6,Selected Services Survey (ANZSIC06) - SSS,Industry sales - Subannual Financial Collection,"Scientific, Architectural and Engineering Services",Sales (operating income),Current prices,Seasonally adjusted,
SSSQ.SFMN1111CS,2018.06,2662.356,,R,dollars,6,Selected Services Survey (ANZSIC06) - SSS,Industry sales - Subannual Financial Collection,"Scientific, Architectural and Engineering Services",Sales (operating income),Current prices,Seasonally adjusted,
SSSQ.SFMN1111CS,2018.09,2626.917,,R,dollars,6,Selected Services Survey (ANZSIC06) - SSS,Industry sales - Subannual Financial Collection,"Scientific, Architectural and Engineering Services",Sales (operating income),Current prices,Seasonally adjusted,
SSSQ.SFMN1111CS,2018.12,2696.005,,R,dollars,6,Selected Services Survey (ANZSIC06) - SSS,Industry sales - Subannual Financial Collection,"Scientific, Architectural and Engineering Services",Sales (operating income),Current prices,Seasonally adjusted,
SSSQ.SFMN1111CS,2019.03,2793.812,,R,dollars,6,Selected Services Survey (ANZSIC06) - SSS,Industry sales - Subannual Financial Collection,"Scientific, Architectural and Engineering Services",Sales (operating income),Current prices,Seasonally adjusted,
SSSQ.SFMN1111CS,2019.06,2854.357,,R,dollars,6,Selected Services Survey (ANZSIC06) - SSS,Industry sales - Subannual Financial Collection,"Scientific, Architectural and Engineering Services",Sales (operating income),Current prices,Seasonally adjusted,
SSSQ.SFMN1111CS,2019.09,2988.065,,R,dollars,6,Selected Services Survey (ANZSIC06) - SSS,Industry sales - Subannual Financial Collection,"Scientific, Architectural and Engineering Services",Sales (operating income),Current prices,Seasonally adjusted,
SSSQ.SFMN1111CS,2019.12,2955.22,,R,dollars,6,Selected Services Survey (ANZSIC06) - SSS,Industry sales - Subannual Financial Collection,"Scientific, Architectural and Engineering Services",Sales (operating income),Current prices,Seasonally adjusted,
SSSQ.SFMN1111CS,2020.03,2966.221,,R,dollars,6,Selected Services Survey (ANZSIC06) - SSS,Industry sales - Subannual Financial Collection,"Scientific, Architectural and Engineering Services",Sales (operating income),Current prices,Seasonally adjusted,
SSSQ.SFMN1111CS,2020.06,2601.274,,R,dollars,6,Selected Services Survey (ANZSIC06) - SSS,Industry sales - Subannual Financial Collection,"Scientific, Architectural and Engineering Services",Sales (operating income),Current prices,Seasonally adjusted,
SSSQ.SFMN1111CS,2020.09,2888.573,,R,dollars,6,Selected Services Survey (ANZSIC06) - SSS,Industry sales - Subannual Financial Collection,"Scientific, Architectural and Engineering Services",Sales (operating income),Current prices,Seasonally adjusted,
SSSQ.SFMN1111CS,2020.12,2913.796,,R,dollars,6,Selected Services Survey (ANZSIC06) - SSS,Industry sales - Subannual Financial Collection,"Scientific, Architectural and Engineering Services",Sales (operating income),Current prices,Seasonally adjusted,
SSSQ.SFMN1111CS,2021.03,3085.379,,R,dollars,6,Selected Services Survey (ANZSIC06) - SSS,Industry sales - Subannual Financial Collection,"Scientific, Architectural and Engineering Services",Sales (operating income),Current prices,Seasonally adjusted,
SSSQ.SFMN1111CS,2021.06,3375.524,,R,dollars,6,Selected Services Survey (ANZSIC06) - SSS,Industry sales - Subannual Financial Collection,"Scientific, Architectural and Engineering Services",Sales (operating income),Current prices,Seasonally adjusted,
SSSQ.SFMN1111CS,2021.09,3227.967,,R,dollars,6,Selected Services Survey (ANZSIC06) - SSS,Industry sales - Subannual Financial Collection,"Scientific, Architectural and Engineering Services",Sales (operating income),Current prices,Seasonally adjusted,
SSSQ.SFMN1111CS,2021.12,3475.677,,R,dollars,6,Selected Services Survey (ANZSIC06) - SSS,Industry sales - Subannual Financial Collection,"Scientific, Architectural and Engineering Services",Sales (operating income),Current prices,Seasonally adjusted,
SSSQ.SFMN1111CS,2022.03,3605.369,,R,dollars,6,Selected Services Survey (ANZSIC06) - SSS,Industry sales - Subannual Financial Collection,"Scientific, Architectural and Engineering Services",Sales (operating income),Current prices,Seasonally adjusted,
SSSQ.SFMN1111CS,2022.06,3604.205,,R,dollars,6,Selected Services Survey (ANZSIC06) - SSS,Industry sales - Subannual Financial Collection,"Scientific, Architectural and Engineering Services",Sales (operating income),Current prices,Seasonally adjusted,
SSSQ.SFMN1111CS,2022.09,3801.84,,R,dollars,6,Selected Services Survey (ANZSIC06) - SSS,Industry sales - Subannual Financial Collection,"Scientific, Architectural and Engineering Services",Sales (operating income),Current prices,Seasonally adjusted,
SSSQ.SFMN1111CS,2022.12,3894.088,,R,dollars,6,Selected Services Survey (ANZSIC06) - SSS,Industry sales - Subannual Financial Collection,"Scientific, Architectural and Engineering Services",Sales (operating income),Current prices,Seasonally adjusted,
SSSQ.SFMN1111CS,2023.03,3791.192,,R,dollars,6,Selected Services Survey (ANZSIC06) - SSS,Industry sales - Subannual Financial Collection,"Scientific, Architectural and Engineering Services",Sales (operating income),Current prices,Seasonally adjusted,
SSSQ.SFMN1111CS,2023.06,3973.489,,R,dollars,6,Selected Services Survey (ANZSIC06) - SSS,Industry sales - Subannual Financial Collection,"Scientific, Architectural and Engineering Services",Sales (operating income),Current prices,Seasonally adjusted,
SSSQ.SFMN1111CS,2023.09,4075.351,,R,dollars,6,Selected Services Survey (ANZSIC06) - SSS,Industry sales - Subannual Financial Collection,"Scientific, Architectural and Engineering Services",Sales (operating income),Current prices,Seasonally adjusted,
SSSQ.SFMN1111CS,2023.12,4053.025,,R,dollars,6,Selected Services Survey (ANZSIC06) - SSS,Industry sales - Subannual Financial Collection,"Scientific, Architectural and Engineering Services",Sales (operating income),Current prices,Seasonally adjusted,
SSSQ.SFMN1111CS,2024.03,3971.503,,R,dollars,6,Selected Services Survey (ANZSIC06) - SSS,Industry sales - Subannual Financial Collection,"Scientific, Architectural and Engineering Services",Sales (operating income),Current prices,Seasonally adjusted,
SSSQ.SFMN1111CS,2024.06,3989.131,,R,dollars,6,Selected Services Survey (ANZSIC06) - SSS,Industry sales - Subannual Financial Collection,"Scientific, Architectural and Engineering Services",Sales (operating income),Current prices,Seasonally adjusted,
SSSQ.SFMN1111CS,2024.09,3793.167,,R,dollars,6,Selected Services Survey (ANZSIC06) - SSS,Industry sales - Subannual Financial Collection,"Scientific, Architectural and Engineering Services",Sales (operating income),Current prices,Seasonally adjusted,
SSSQ.SFMN1111CS,2024.12,3731.436,,R,dollars,6,Selected Services Survey (ANZSIC06) - SSS,Industry sales - Subannual Financial Collection,"Scientific, Architectural and Engineering Services",Sales (operating income),Current prices,Seasonally adjusted,
SSSQ.SFMN1111CS,2025.03,3870.2,,R,dollars,6,Selected Services Survey (ANZSIC06) - SSS,Industry sales - Subannual Financial Collection,"Scientific, Architectural and Engineering Services",Sales (operating income),Current prices,Seasonally adjusted,
SSSQ.SFMN1111CS,2025.06,3857.79,,R,dollars,6,Selected Services Survey (ANZSIC06) - SSS,Industry sales - Subannual Financial Collection,"Scientific, Architectural and Engineering Services",Sales (operating income),Current prices,Seasonally adjusted,
SSSQ.SFMN1111CS,2025.09,4012.944,,R,dollars,6,Selected Services Survey (ANZSIC06) - SSS,Industry sales - Subannual Financial Collection,"Scientific, Architectural and Engineering Services",Sales (operating income),Current prices,Seasonally adjusted,
SSSQ.SFMN1111CS,2025.12,4099.749,,F,dollars,6,Selected Services Survey (ANZSIC06) - SSS,Industry sales - Subannual Financial Collection,"Scientific, Architectural and Engineering Services",Sales (operating income),Current prices,Seasonally adjusted,
SSSQ.SFMN1111CT,2004.06,1188.739,,F,dollars,6,Selected Services Survey (ANZSIC06) - SSS,Industry sales - Subannual Financial Collection,"Scientific, Architectural and Engineering Services",Sales (operating income),Current prices,Trend,
SSSQ.SFMN1111CT,2004.09,1224.744,,F,dollars,6,Selected Services Survey (ANZSIC06) - SSS,Industry sales - Subannual Financial Collection,"Scientific, Architectural and Engineering Services",Sales (operating income),Current prices,Trend,
SSSQ.SFMN1111CT,2004.12,1246.023,,F,dollars,6,Selected Services Survey (ANZSIC06) - SSS,Industry sales - Subannual Financial Collection,"Scientific, Architectural and Engineering Services",Sales (operating income),Current prices,Trend,
SSSQ.SFMN1111CT,2005.03,1268.674,,F,dollars,6,Selected Services Survey (ANZSIC06) - SSS,Industry sales - Subannual Financial Collection,"Scientific, Architectural and Engineering Services",Sales (operating income),Current prices,Trend,
SSSQ.SFMN1111CT,2005.06,1297.801,,F,dollars,6,Selected Services Survey (ANZSIC06) - SSS,Industry sales - Subannual Financial Collection,"Scientific, Architectural and Engineering Services",Sales (operating income),Current prices,Trend,
SSSQ.SFMN1111CT,2005.09,1315.014,,F,dollars,6,Selected Services Survey (ANZSIC06) - SSS,Industry sales - Subannual Financial Collection,"Scientific, Architectural and Engineering Services",Sales (operating income),Current prices,Trend,
SSSQ.SFMN1111CT,2005.12,1333.15,,F,dollars,6,Selected Services Survey (ANZSIC06) - SSS,Industry sales - Subannual Financial Collection,"Scientific, Architectural and Engineering Services",Sales (operating income),Current prices,Trend,
SSSQ.SFMN1111CT,2006.03,1367.823,,F,dollars,6,Selected Services Survey (ANZSIC06) - SSS,Industry sales - Subannual Financial Collection,"Scientific, Architectural and Engineering Services",Sales (operating income),Current prices,Trend,
SSSQ.SFMN1111CT,2006.06,1409.882,,F,dollars,6,Selected Services Survey (ANZSIC06) - SSS,Industry sales - Subannual Financial Collection,"Scientific, Architectural and Engineering Services",Sales (operating income),Current prices,Trend,
SSSQ.SFMN1111CT,2006.09,1435.855,,F,dollars,6,Selected Services Survey (ANZSIC06) - SSS,Industry sales - Subannual Financial Collection,"Scientific, Architectural and Engineering Services",Sales (operating income),Current prices,Trend,
SSSQ.SFMN1111CT,2006.12,1458.517,,F,dollars,6,Selected Services Survey (ANZSIC06) - SSS,Industry sales - Subannual Financial Collection,"Scientific, Architectural and Engineering Services",Sales (operating income),Current prices,Trend,
SSSQ.SFMN1111CT,2007.03,1482.594,,F,dollars,6,Selected Services Survey (ANZSIC06) - SSS,Industry sales - Subannual Financial Collection,"Scientific, Architectural and Engineering Services",Sales (operating income),Current prices,Trend,
SSSQ.SFMN1111CT,2007.06,1509.35,,F,dollars,6,Selected Services Survey (ANZSIC06) - SSS,Industry sales - Subannual Financial Collection,"Scientific, Architectural and Engineering Services",Sales (operating income),Current prices,Trend,
SSSQ.SFMN1111CT,2007.09,1560.239,,F,dollars,6,Selected Services Survey (ANZSIC06) - SSS,Industry sales - Subannual Financial Collection,"Scientific, Architectural and Engineering Services",Sales (operating income),Current prices,Trend,
SSSQ.SFMN1111CT,2007.12,1622.534,,F,dollars,6,Selected Services Survey (ANZSIC06) - SSS,Industry sales - Subannual Financial Collection,"Scientific, Architectural and Engineering Services",Sales (operating income),Current prices,Trend,
SSSQ.SFMN1111CT,2008.03,1653.205,,F,dollars,6,Selected Services Survey (ANZSIC06) - SSS,Industry sales - Subannual Financial Collection,"Scientific, Architectural and Engineering Services",Sales (operating income),Current prices,Trend,
SSSQ.SFMN1111CT,2008.06,1649.013,,F,dollars,6,Selected Services Survey (ANZSIC06) - SSS,Industry sales - Subannual Financial Collection,"Scientific, Architectural and Engineering Services",Sales (operating income),Current prices,Trend,
SSSQ.SFMN1111CT,2008.09,1659.9,,F,dollars,6,Selected Services Survey (ANZSIC06) - SSS,Industry sales - Subannual Financial Collection,"Scientific, Architectural and Engineering Services",Sales (operating income),Current prices,Trend,
SSSQ.SFMN1111CT,2008.12,1664.952,,F,dollars,6,Selected Services Survey (ANZSIC06) - SSS,Industry sales - Subannual Financial Collection,"Scientific, Architectural and Engineering Services",Sales (operating income),Current prices,Trend,
SSSQ.SFMN1111CT,2009.03,1642.818,,F,dollars,6,Selected Services Survey (ANZSIC06) - SSS,Industry sales - Subannual Financial Collection,"Scientific, Architectural and Engineering Services",Sales (operating income),Current prices,Trend,
SSSQ.SFMN1111CT,2009.06,1583.127,,F,dollars,6,Selected Services Survey (ANZSIC06) - SSS,Industry sales - Subannual Financial Collection,"Scientific, Architectural and Engineering Services",Sales (operating income),Current prices,Trend,
SSSQ.SFMN1111CT,2009.09,1524.01,,F,dollars,6,Selected Services Survey (ANZSIC06) - SSS,Industry sales - Subannual Financial Collection,"Scientific, Architectural and Engineering Services",Sales (operating income),Current prices,Trend,
SSSQ.SFMN1111CT,2009.12,1511.05,,F,dollars,6,Selected Services Survey (ANZSIC06) - SSS,Industry sales - Subannual Financial Collection,"Scientific, Architectural and Engineering Services",Sales (operating income),Current prices,Trend,
SSSQ.SFMN1111CT,2010.03,1527.176,,F,dollars,6,Selected Services Survey (ANZSIC06) - SSS,Industry sales - Subannual Financial Collection,"Scientific, Architectural and Engineering Services",Sales (operating income),Current prices,Trend,
SSSQ.SFMN1111CT,2010.06,1535.356,,F,dollars,6,Selected Services Survey (ANZSIC06) - SSS,Industry sales - Subannual Financial Collection,"Scientific, Architectural and Engineering Services",Sales (operating income),Current prices,Trend,
SSSQ.SFMN1111CT,2010.09,1510.559,,F,dollars,6,Selected Services Survey (ANZSIC06) - SSS,Industry sales - Subannual Financial Collection,"Scientific, Architectural and Engineering Services",Sales (operating income),Current prices,Trend,
SSSQ.SFMN1111CT,2010.12,1479.782,,F,dollars,6,Selected Services Survey (ANZSIC06) - SSS,Industry sales - Subannual Financial Collection,"Scientific, Architectural and Engineering Services",Sales (operating income),Current prices,Trend,
SSSQ.SFMN1111CT,2011.03,1488.119,,F,dollars,6,Selected Services Survey (ANZSIC06) - SSS,Industry sales - Subannual Financial Collection,"Scientific, Architectural and Engineering Services",Sales (operating income),Current prices,Trend,
SSSQ.SFMN1111CT,2011.06,1558.356,,F,dollars,6,Selected Services Survey (ANZSIC06) - SSS,Industry sales - Subannual Financial Collection,"Scientific, Architectural and Engineering Services",Sales (operating income),Current prices,Trend,
SSSQ.SFMN1111CT,2011.09,1608.685,,F,dollars,6,Selected Services Survey (ANZSIC06) - SSS,Industry sales - Subannual Financial Collection,"Scientific, Architectural and Engineering Services",Sales (operating income),Current prices,Trend,
SSSQ.SFMN1111CT,2011.12,1609.594,,F,dollars,6,Selected Services Survey (ANZSIC06) - SSS,Industry sales - Subannual Financial Collection,"Scientific, Architectural and Engineering Services",Sales (operating income),Current prices,Trend,
SSSQ.SFMN1111CT,2012.03,1620.155,,F,dollars,6,Selected Services Survey (ANZSIC06) - SSS,Industry sales - Subannual Financial Collection,"Scientific, Architectural and Engineering Services",Sales (operating income),Current prices,Trend,
SSSQ.SFMN1111CT,2012.06,1642.852,,F,dollars,6,Selected Services Survey (ANZSIC06) - SSS,Industry sales - Subannual Financial Collection,"Scientific, Architectural and Engineering Services",Sales (operating income),Current prices,Trend,
SSSQ.SFMN1111CT,2012.09,1673.693,,F,dollars,6,Selected Services Survey (ANZSIC06) - SSS,Industry sales - Subannual Financial Collection,"Scientific, Architectural and Engineering Services",Sales (operating income),Current prices,Trend,
SSSQ.SFMN1111CT,2012.12,1728.01,,F,dollars,6,Selected Services Survey (ANZSIC06) - SSS,Industry sales - Subannual Financial Collection,"Scientific, Architectural and Engineering Services",Sales (operating income),Current prices,Trend,
SSSQ.SFMN1111CT,2013.03,1792.558,,F,dollars,6,Selected Services Survey (ANZSIC06) - SSS,Industry sales - Subannual Financial Collection,"Scientific, Architectural and Engineering Services",Sales (operating income),Current prices,Trend,
SSSQ.SFMN1111CT,2013.06,1838.63,,F,dollars,6,Selected Services Survey (ANZSIC06) - SSS,Industry sales - Subannual Financial Collection,"Scientific, Architectural and Engineering Services",Sales (operating income),Current prices,Trend,
SSSQ.SFMN1111CT,2013.09,1890.54,,F,dollars,6,Selected Services Survey (ANZSIC06) - SSS,Industry sales - Subannual Financial Collection,"Scientific, Architectural and Engineering Services",Sales (operating income),Current prices,Trend,
SSSQ.SFMN1111CT,2013.12,1929.218,,F,dollars,6,Selected Services Survey (ANZSIC06) - SSS,Industry sales - Subannual Financial Collection,"Scientific, Architectural and Engineering Services",Sales (operating income),Current prices,Trend,
SSSQ.SFMN1111CT,2014.03,1946.259,,F,dollars,6,Selected Services Survey (ANZSIC06) - SSS,Industry sales - Subannual Financial Collection,"Scientific, Architectural and Engineering Services",Sales (operating income),Current prices,Trend,
SSSQ.SFMN1111CT,2014.06,1972.179,,F,dollars,6,Selected Services Survey (ANZSIC06) - SSS,Industry sales - Subannual Financial Collection,"Scientific, Architectural and Engineering Services",Sales (operating income),Current prices,Trend,
SSSQ.SFMN1111CT,2014.09,2004.398,,F,dollars,6,Selected Services Survey (ANZSIC06) - SSS,Industry sales - Subannual Financial Collection,"Scientific, Architectural and Engineering Services",Sales (operating income),Current prices,Trend,
SSSQ.SFMN1111CT,2014.12,2050.75,,F,dollars,6,Selected Services Survey (ANZSIC06) - SSS,Industry sales - Subannual Financial Collection,"Scientific, Architectural and Engineering Services",Sales (operating income),Current prices,Trend,
SSSQ.SFMN1111CT,2015.03,2103.784,,F,dollars,6,Selected Services Survey (ANZSIC06) - SSS,Industry sales - Subannual Financial Collection,"Scientific, Architectural and Engineering Services",Sales (operating income),Current prices,Trend,
SSSQ.SFMN1111CT,2015.06,2151.299,,F,dollars,6,Selected Services Survey (ANZSIC06) - SSS,Industry sales - Subannual Financial Collection,"Scientific, Architectural and Engineering Services",Sales (operating income),Current prices,Trend,
SSSQ.SFMN1111CT,2015.09,2186.191,,F,dollars,6,Selected Services Survey (ANZSIC06) - SSS,Industry sales - Subannual Financial Collection,"Scientific, Architectural and Engineering Services",Sales (operating income),Current prices,Trend,
SSSQ.SFMN1111CT,2015.12,2218.087,,F,dollars,6,Selected Services Survey (ANZSIC06) - SSS,Industry sales - Subannual Financial Collection,"Scientific, Architectural and Engineering Services",Sales (operating income),Current prices,Trend,
SSSQ.SFMN1111CT,2016.03,2230.503,,F,dollars,6,Selected Services Survey (ANZSIC06) - SSS,Industry sales - Subannual Financial Collection,"Scientific, Architectural and Engineering Services",Sales (operating income),Current prices,Trend,
SSSQ.SFMN1111CT,2016.06,2277.535,,R,dollars,6,Selected Services Survey (ANZSIC06) - SSS,Industry sales - Subannual Financial Collection,"Scientific, Architectural and Engineering Services",Sales (operating income),Current prices,Trend,
SSSQ.SFMN1111CT,2016.09,2357.077,,R,dollars,6,Selected Services Survey (ANZSIC06) - SSS,Industry sales - Subannual Financial Collection,"Scientific, Architectural and Engineering Services",Sales (operating income),Current prices,Trend,
SSSQ.SFMN1111CT,2016.12,2409.936,,R,dollars,6,Selected Services Survey (ANZSIC06) - SSS,Industry sales - Subannual Financial Collection,"Scientific, Architectural and Engineering Services",Sales (operating income),Current prices,Trend,
SSSQ.SFMN1111CT,2017.03,2439.021,,R,dollars,6,Selected Services Survey (ANZSIC06) - SSS,Industry sales - Subannual Financial Collection,"Scientific, Architectural and Engineering Services",Sales (operating income),Current prices,Trend,
SSSQ.SFMN1111CT,2017.06,2479.712,,R,dollars,6,Selected Services Survey (ANZSIC06) - SSS,Industry sales - Subannual Financial Collection,"Scientific, Architectural and Engineering Services",Sales (operating income),Current prices,Trend,
SSSQ.SFMN1111CT,2017.09,2541.561,,R,dollars,6,Selected Services Survey (ANZSIC06) - SSS,Industry sales - Subannual Financial Collection,"Scientific, Architectural and Engineering Services",Sales (operating income),Current prices,Trend,
SSSQ.SFMN1111CT,2017.12,2604.96,,R,dollars,6,Selected Services Survey (ANZSIC06) - SSS,Industry sales - Subannual Financial Collection,"Scientific, Architectural and Engineering Services",Sales (operating income),Current prices,Trend,
SSSQ.SFMN1111CT,2018.03,2652.91,,R,dollars,6,Selected Services Survey (ANZSIC06) - SSS,Industry sales - Subannual Financial Collection,"Scientific, Architectural and Engineering Services",Sales (operating income),Current prices,Trend,
SSSQ.SFMN1111CT,2018.06,2649.442,,R,dollars,6,Selected Services Survey (ANZSIC06) - SSS,Industry sales - Subannual Financial Collection,"Scientific, Architectural and Engineering Services",Sales (operating income),Current prices,Trend,
SSSQ.SFMN1111CT,2018.09,2643.684,,R,dollars,6,Selected Services Survey (ANZSIC06) - SSS,Industry sales - Subannual Financial Collection,"Scientific, Architectural and Engineering Services",Sales (operating income),Current prices,Trend,
SSSQ.SFMN1111CT,2018.12,2695.283,,R,dollars,6,Selected Services Survey (ANZSIC06) - SSS,Industry sales - Subannual Financial Collection,"Scientific, Architectural and Engineering Services",Sales (operating income),Current prices,Trend,
SSSQ.SFMN1111CT,2019.03,2780.859,,R,dollars,6,Selected Services Survey (ANZSIC06) - SSS,Industry sales - Subannual Financial Collection,"Scientific, Architectural and Engineering Services",Sales (operating income),Current prices,Trend,
SSSQ.SFMN1111CT,2019.06,2880.067,,R,dollars,6,Selected Services Survey (ANZSIC06) - SSS,Industry sales - Subannual Financial Collection,"Scientific, Architectural and Engineering Services",Sales (operating income),Current prices,Trend,
SSSQ.SFMN1111CT,2019.09,2955.015,,R,dollars,6,Selected Services Survey (ANZSIC06) - SSS,Industry sales - Subannual Financial Collection,"Scientific, Architectural and Engineering Services",Sales (operating income),Current prices,Trend,
SSSQ.SFMN1111CT,2019.12,2975.942,,R,dollars,6,Selected Services Survey (ANZSIC06) - SSS,Industry sales - Subannual Financial Collection,"Scientific, Architectural and Engineering Services",Sales (operating income),Current prices,Trend,
SSSQ.SFMN1111CT,2020.03,2962.102,,R,dollars,6,Selected Services Survey (ANZSIC06) - SSS,Industry sales - Subannual Financial Collection,"Scientific, Architectural and Engineering Services",Sales (operating income),Current prices,Trend,
SSSQ.SFMN1111CT,2020.06,2938.577,,R,dollars,6,Selected Services Survey (ANZSIC06) - SSS,Industry sales - Subannual Financial Collection,"Scientific, Architectural and Engineering Services",Sales (operating income),Current prices,Trend,
SSSQ.SFMN1111CT,2020.09,2893.65,,R,dollars,6,Selected Services Survey (ANZSIC06) - SSS,Industry sales - Subannual Financial Collection,"Scientific, Architectural and Engineering Services",Sales (operating income),Current prices,Trend,
SSSQ.SFMN1111CT,2020.12,2928.989,,R,dollars,6,Selected Services Survey (ANZSIC06) - SSS,Industry sales - Subannual Financial Collection,"Scientific, Architectural and Engineering Services",Sales (operating income),Current prices,Trend,
SSSQ.SFMN1111CT,2021.03,3084.157,,R,dollars,6,Selected Services Survey (ANZSIC06) - SSS,Industry sales - Subannual Financial Collection,"Scientific, Architectural and Engineering Services",Sales (operating income),Current prices,Trend,
SSSQ.SFMN1111CT,2021.06,3227.841,,R,dollars,6,Selected Services Survey (ANZSIC06) - SSS,Industry sales - Subannual Financial Collection,"Scientific, Architectural and Engineering Services",Sales (operating income),Current prices,Trend,
SSSQ.SFMN1111CT,2021.09,3331.403,,R,dollars,6,Selected Services Survey (ANZSIC06) - SSS,Industry sales - Subannual Financial Collection,"Scientific, Architectural and Engineering Services",Sales (operating income),Current prices,Trend,
SSSQ.SFMN1111CT,2021.12,3468.346,,R,dollars,6,Selected Services Survey (ANZSIC06) - SSS,Industry sales - Subannual Financial Collection,"Scientific, Architectural and Engineering Services",Sales (operating income),Current prices,Trend,
SSSQ.SFMN1111CT,2022.03,3575.045,,R,dollars,6,Selected Services Survey (ANZSIC06) - SSS,Industry sales - Subannual Financial Collection,"Scientific, Architectural and Engineering Services",Sales (operating income),Current prices,Trend,
SSSQ.SFMN1111CT,2022.06,3650.746,,R,dollars,6,Selected Services Survey (ANZSIC06) - SSS,Industry sales - Subannual Financial Collection,"Scientific, Architectural and Engineering Services",Sales (operating income),Current prices,Trend,
SSSQ.SFMN1111CT,2022.09,3786.095,,R,dollars,6,Selected Services Survey (ANZSIC06) - SSS,Industry sales - Subannual Financial Collection,"Scientific, Architectural and Engineering Services",Sales (operating income),Current prices,Trend,
SSSQ.SFMN1111CT,2022.12,3852.228,,R,dollars,6,Selected Services Survey (ANZSIC06) - SSS,Industry sales - Subannual Financial Collection,"Scientific, Architectural and Engineering Services",Sales (operating income),Current prices,Trend,
SSSQ.SFMN1111CT,2023.03,3853.308,,R,dollars,6,Selected Services Survey (ANZSIC06) - SSS,Industry sales - Subannual Financial Collection,"Scientific, Architectural and Engineering Services",Sales (operating income),Current prices,Trend,
SSSQ.SFMN1111CT,2023.06,3949.855,,R,dollars,6,Selected Services Survey (ANZSIC06) - SSS,Industry sales - Subannual Financial Collection,"Scientific, Architectural and Engineering Services",Sales (operating income),Current prices,Trend,
SSSQ.SFMN1111CT,2023.09,4067.366,,R,dollars,6,Selected Services Survey (ANZSIC06) - SSS,Industry sales - Subannual Financial Collection,"Scientific, Architectural and Engineering Services",Sales (operating income),Current prices,Trend,
SSSQ.SFMN1111CT,2023.12,4046.17,,R,dollars,6,Selected Services Survey (ANZSIC06) - SSS,Industry sales - Subannual Financial Collection,"Scientific, Architectural and Engineering Services",Sales (operating income),Current prices,Trend,
SSSQ.SFMN1111CT,2024.03,4006.093,,R,dollars,6,Selected Services Survey (ANZSIC06) - SSS,Industry sales - Subannual Financial Collection,"Scientific, Architectural and Engineering Services",Sales (operating income),Current prices,Trend,
SSSQ.SFMN1111CT,2024.06,3940.627,,R,dollars,6,Selected Services Survey (ANZSIC06) - SSS,Industry sales - Subannual Financial Collection,"Scientific, Architectural and Engineering Services",Sales (operating income),Current prices,Trend,
SSSQ.SFMN1111CT,2024.09,3813.841,,R,dollars,6,Selected Services Survey (ANZSIC06) - SSS,Industry sales - Subannual Financial Collection,"Scientific, Architectural and Engineering Services",Sales (operating income),Current prices,Trend,
SSSQ.SFMN1111CT,2024.12,3762.123,,R,dollars,6,Selected Services Survey (ANZSIC06) - SSS,Industry sales - Subannual Financial Collection,"Scientific, Architectural and Engineering Services",Sales (operating income),Current prices,Trend,
SSSQ.SFMN1111CT,2025.03,3820.974,,R,dollars,6,Selected Services Survey (ANZSIC06) - SSS,Industry sales - Subannual Financial Collection,"Scientific, Architectural and Engineering Services",Sales (operating income),Current prices,Trend,
SSSQ.SFMN1111CT,2025.06,3898.516,,R,dollars,6,Selected Services Survey (ANZSIC06) - SSS,Industry sales - Subannual Financial Collection,"Scientific, Architectural and Engineering Services",Sales (operating income),Current prices,Trend,
SSSQ.SFMN1111CT,2025.09,3991.565,,R,dollars,6,Selected Services Survey (ANZSIC06) - SSS,Industry sales - Subannual Financial Collection,"Scientific, Architectural and Engineering Services",Sales (operating income),Current prices,Trend,
SSSQ.SFMN1111CT,2025.12,4107.71,,F,dollars,6,Selected Services Survey (ANZSIC06) - SSS,Industry sales - Subannual Financial Collection,"Scientific, Architectural and Engineering Services",Sales (operating income),Current prices,Trend,
SSSQ.SFMN1121CA,2004.06,1000.27,,F,dollars,6,Selected Services Survey (ANZSIC06) - SSS,Industry sales - Subannual Financial Collection,Legal and Accounting Services,Sales (operating income),Current prices,Actual,
SSSQ.SFMN1121CA,2004.09,1004.481,,F,dollars,6,Selected Services Survey (ANZSIC06) - SSS,Industry sales - Subannual Financial Collection,Legal and Accounting Services,Sales (operating income),Current prices,Actual,
SSSQ.SFMN1121CA,2004.12,954.466,,F,dollars,6,Selected Services Survey (ANZSIC06) - SSS,Industry sales - Subannual Financial Collection,Legal and Accounting Services,Sales (operating income),Current prices,Actual,
SSSQ.SFMN1121CA,2005.03,847.311,,F,dollars,6,Selected Services Survey (ANZSIC06) - SSS,Industry sales - Subannual Financial Collection,Legal and Accounting Services,Sales (operating income),Current prices,Actual,
SSSQ.SFMN1121CA,2005.06,1060.466,,F,dollars,6,Selected Services Survey (ANZSIC06) - SSS,Industry sales - Subannual Financial Collection,Legal and Accounting Services,Sales (operating income),Current prices,Actual,
SSSQ.SFMN1121CA,2005.09,1058.588,,F,dollars,6,Selected Services Survey (ANZSIC06) - SSS,Industry sales - Subannual Financial Collection,Legal and Accounting Services,Sales (operating income),Current prices,Actual,
SSSQ.SFMN1121CA,2005.12,993.446,,F,dollars,6,Selected Services Survey (ANZSIC06) - SSS,Industry sales - Subannual Financial Collection,Legal and Accounting Services,Sales (operating income),Current prices,Actual,
SSSQ.SFMN1121CA,2006.03,955.575,,F,dollars,6,Selected Services Survey (ANZSIC06) - SSS,Industry sales - Subannual Financial Collection,Legal and Accounting Services,Sales (operating income),Current prices,Actual,
SSSQ.SFMN1121CA,2006.06,1113.964,,F,dollars,6,Selected Services Survey (ANZSIC06) - SSS,Industry sales - Subannual Financial Collection,Legal and Accounting Services,Sales (operating income),Current prices,Actual,
SSSQ.SFMN1121CA,2006.09,1146.357,,F,dollars,6,Selected Services Survey (ANZSIC06) - SSS,Industry sales - Subannual Financial Collection,Legal and Accounting Services,Sales (operating income),Current prices,Actual,
SSSQ.SFMN1121CA,2006.12,1106.594,,F,dollars,6,Selected Services Survey (ANZSIC06) - SSS,Industry sales - Subannual Financial Collection,Legal and Accounting Services,Sales (operating income),Current prices,Actual,
SSSQ.SFMN1121CA,2007.03,1031.563,,F,dollars,6,Selected Services Survey (ANZSIC06) - SSS,Industry sales - Subannual Financial Collection,Legal and Accounting Services,Sales (operating income),Current prices,Actual,
SSSQ.SFMN1121CA,2007.06,1218.958,,F,dollars,6,Selected Services Survey (ANZSIC06) - SSS,Industry sales - Subannual Financial Collection,Legal and Accounting Services,Sales (operating income),Current prices,Actual,
SSSQ.SFMN1121CA,2007.09,1246.484,,F,dollars,6,Selected Services Survey (ANZSIC06) - SSS,Industry sales - Subannual Financial Collection,Legal and Accounting Services,Sales (operating income),Current prices,Actual,
SSSQ.SFMN1121CA,2007.12,1187.853,,F,dollars,6,Selected Services Survey (ANZSIC06) - SSS,Industry sales - Subannual Financial Collection,Legal and Accounting Services,Sales (operating income),Current prices,Actual,
SSSQ.SFMN1121CA,2008.03,1064.956,,F,dollars,6,Selected Services Survey (ANZSIC06) - SSS,Industry sales - Subannual Financial Collection,Legal and Accounting Services,Sales (operating income),Current prices,Actual,
SSSQ.SFMN1121CA,2008.06,1283.042,,F,dollars,6,Selected Services Survey (ANZSIC06) - SSS,Industry sales - Subannual Financial Collection,Legal and Accounting Services,Sales (operating income),Current prices,Actual,
SSSQ.SFMN1121CA,2008.09,1283.196,,F,dollars,6,Selected Services Survey (ANZSIC06) - SSS,Industry sales - Subannual Financial Collection,Legal and Accounting Services,Sales (operating income),Current prices,Actual,
SSSQ.SFMN1121CA,2008.12,1199.975,,F,dollars,6,Selected Services Survey (ANZSIC06) - SSS,Industry sales - Subannual Financial Collection,Legal and Accounting Services,Sales (operating income),Current prices,Actual,
SSSQ.SFMN1121CA,2009.03,1071.413,,F,dollars,6,Selected Services Survey (ANZSIC06) - SSS,Industry sales - Subannual Financial Collection,Legal and Accounting Services,Sales (operating income),Current prices,Actual,
SSSQ.SFMN1121CA,2009.06,1311.103,,F,dollars,6,Selected Services Survey (ANZSIC06) - SSS,Industry sales - Subannual Financial Collection,Legal and Accounting Services,Sales (operating income),Current prices,Actual,
SSSQ.SFMN1121CA,2009.09,1308.349,,F,dollars,6,Selected Services Survey (ANZSIC06) - SSS,Industry sales - Subannual Financial Collection,Legal and Accounting Services,Sales (operating income),Current prices,Actual,
SSSQ.SFMN1121CA,2009.12,1216.742,,F,dollars,6,Selected Services Survey (ANZSIC06) - SSS,Industry sales - Subannual Financial Collection,Legal and Accounting Services,Sales (operating income),Current prices,Actual,
SSSQ.SFMN1121CA,2010.03,1094.834,,F,dollars,6,Selected Services Survey (ANZSIC06) - SSS,Industry sales - Subannual Financial Collection,Legal and Accounting Services,Sales (operating income),Current prices,Actual,
SSSQ.SFMN1121CA,2010.06,1293.856,,F,dollars,6,Selected Services Survey (ANZSIC06) - SSS,Industry sales - Subannual Financial Collection,Legal and Accounting Services,Sales (operating income),Current prices,Actual,
SSSQ.SFMN1121CA,2010.09,1377.25,,F,dollars,6,Selected Services Survey (ANZSIC06) - SSS,Industry sales - Subannual Financial Collection,Legal and Accounting Services,Sales (operating income),Current prices,Actual,
SSSQ.SFMN1121CA,2010.12,1247.902,,F,dollars,6,Selected Services Survey (ANZSIC06) - SSS,Industry sales - Subannual Financial Collection,Legal and Accounting Services,Sales (operating income),Current prices,Actual,
SSSQ.SFMN1121CA,2011.03,1105.887,,F,dollars,6,Selected Services Survey (ANZSIC06) - SSS,Industry sales - Subannual Financial Collection,Legal and Accounting Services,Sales (operating income),Current prices,Actual,
SSSQ.SFMN1121CA,2011.06,1348.165,,F,dollars,6,Selected Services Survey (ANZSIC06) - SSS,Industry sales - Subannual Financial Collection,Legal and Accounting Services,Sales (operating income),Current prices,Actual,
SSSQ.SFMN1121CA,2011.09,1395.356,,F,dollars,6,Selected Services Survey (ANZSIC06) - SSS,Industry sales - Subannual Financial Collection,Legal and Accounting Services,Sales (operating income),Current prices,Actual,
SSSQ.SFMN1121CA,2011.12,1283.469,,F,dollars,6,Selected Services Survey (ANZSIC06) - SSS,Industry sales - Subannual Financial Collection,Legal and Accounting Services,Sales (operating income),Current prices,Actual,
SSSQ.SFMN1121CA,2012.03,1160.996,,F,dollars,6,Selected Services Survey (ANZSIC06) - SSS,Industry sales - Subannual Financial Collection,Legal and Accounting Services,Sales (operating income),Current prices,Actual,
SSSQ.SFMN1121CA,2012.06,1345.327,,F,dollars,6,Selected Services Survey (ANZSIC06) - SSS,Industry sales - Subannual Financial Collection,Legal and Accounting Services,Sales (operating income),Current prices,Actual,
SSSQ.SFMN1121CA,2012.09,1384.759,,F,dollars,6,Selected Services Survey (ANZSIC06) - SSS,Industry sales - Subannual Financial Collection,Legal and Accounting Services,Sales (operating income),Current prices,Actual,
SSSQ.SFMN1121CA,2012.12,1343.222,,F,dollars,6,Selected Services Survey (ANZSIC06) - SSS,Industry sales - Subannual Financial Collection,Legal and Accounting Services,Sales (operating income),Current prices,Actual,
SSSQ.SFMN1121CA,2013.03,1161.138,,F,dollars,6,Selected Services Survey (ANZSIC06) - SSS,Industry sales - Subannual Financial Collection,Legal and Accounting Services,Sales (operating income),Current prices,Actual,
SSSQ.SFMN1121CA,2013.06,1446.602,,F,dollars,6,Selected Services Survey (ANZSIC06) - SSS,Industry sales - Subannual Financial Collection,Legal and Accounting Services,Sales (operating income),Current prices,Actual,
SSSQ.SFMN1121CA,2013.09,1476.311,,F,dollars,6,Selected Services Survey (ANZSIC06) - SSS,Industry sales - Subannual Financial Collection,Legal and Accounting Services,Sales (operating income),Current prices,Actual,
SSSQ.SFMN1121CA,2013.12,1360.741,,F,dollars,6,Selected Services Survey (ANZSIC06) - SSS,Industry sales - Subannual Financial Collection,Legal and Accounting Services,Sales (operating income),Current prices,Actual,
SSSQ.SFMN1121CA,2014.03,1258.617,,F,dollars,6,Selected Services Survey (ANZSIC06) - SSS,Industry sales - Subannual Financial Collection,Legal and Accounting Services,Sales (operating income),Current prices,Actual,
SSSQ.SFMN1121CA,2014.06,1444.907,,F,dollars,6,Selected Services Survey (ANZSIC06) - SSS,Industry sales - Subannual Financial Collection,Legal and Accounting Services,Sales (operating income),Current prices,Actual,
SSSQ.SFMN1121CA,2014.09,1489.789,,F,dollars,6,Selected Services Survey (ANZSIC06) - SSS,Industry sales - Subannual Financial Collection,Legal and Accounting Services,Sales (operating income),Current prices,Actual,
SSSQ.SFMN1121CA,2014.12,1421.403,,F,dollars,6,Selected Services Survey (ANZSIC06) - SSS,Industry sales - Subannual Financial Collection,Legal and Accounting Services,Sales (operating income),Current prices,Actual,
SSSQ.SFMN1121CA,2015.03,1283.625,,F,dollars,6,Selected Services Survey (ANZSIC06) - SSS,Industry sales - Subannual Financial Collection,Legal and Accounting Services,Sales (operating income),Current prices,Actual,
SSSQ.SFMN1121CA,2015.06,1521.377,,F,dollars,6,Selected Services Survey (ANZSIC06) - SSS,Industry sales - Subannual Financial Collection,Legal and Accounting Services,Sales (operating income),Current prices,Actual,
SSSQ.SFMN1121CA,2015.09,1606.945,,F,dollars,6,Selected Services Survey (ANZSIC06) - SSS,Industry sales - Subannual Financial Collection,Legal and Accounting Services,Sales (operating income),Current prices,Actual,
SSSQ.SFMN1121CA,2015.12,1510.971,,F,dollars,6,Selected Services Survey (ANZSIC06) - SSS,Industry sales - Subannual Financial Collection,Legal and Accounting Services,Sales (operating income),Current prices,Actual,
SSSQ.SFMN1121CA,2016.03,1359.212,,F,dollars,6,Selected Services Survey (ANZSIC06) - SSS,Industry sales - Subannual Financial Collection,Legal and Accounting Services,Sales (operating income),Current prices,Actual,
SSSQ.SFMN1121CA,2016.06,1672.007,,F,dollars,6,Selected Services Survey (ANZSIC06) - SSS,Industry sales - Subannual Financial Collection,Legal and Accounting Services,Sales (operating income),Current prices,Actual,
SSSQ.SFMN1121CA,2016.09,1687.137,,F,dollars,6,Selected Services Survey (ANZSIC06) - SSS,Industry sales - Subannual Financial Collection,Legal and Accounting Services,Sales (operating income),Current prices,Actual,
SSSQ.SFMN1121CA,2016.12,1545.985,,F,dollars,6,Selected Services Survey (ANZSIC06) - SSS,Industry sales - Subannual Financial Collection,Legal and Accounting Services,Sales (operating income),Current prices,Actual,
SSSQ.SFMN1121CA,2017.03,1451.124,,F,dollars,6,Selected Services Survey (ANZSIC06) - SSS,Industry sales - Subannual Financial Collection,Legal and Accounting Services,Sales (operating income),Current prices,Actual,
SSSQ.SFMN1121CA,2017.06,1636.679,,F,dollars,6,Selected Services Survey (ANZSIC06) - SSS,Industry sales - Subannual Financial Collection,Legal and Accounting Services,Sales (operating income),Current prices,Actual,
SSSQ.SFMN1121CA,2017.09,1708.421,,F,dollars,6,Selected Services Survey (ANZSIC06) - SSS,Industry sales - Subannual Financial Collection,Legal and Accounting Services,Sales (operating income),Current prices,Actual,
SSSQ.SFMN1121CA,2017.12,1641.254,,F,dollars,6,Selected Services Survey (ANZSIC06) - SSS,Industry sales - Subannual Financial Collection,Legal and Accounting Services,Sales (operating income),Current prices,Actual,
SSSQ.SFMN1121CA,2018.03,1512.704,,F,dollars,6,Selected Services Survey (ANZSIC06) - SSS,Industry sales - Subannual Financial Collection,Legal and Accounting Services,Sales (operating income),Current prices,Actual,
SSSQ.SFMN1121CA,2018.06,1809.792,,F,dollars,6,Selected Services Survey (ANZSIC06) - SSS,Industry sales - Subannual Financial Collection,Legal and Accounting Services,Sales (operating income),Current prices,Actual,
SSSQ.SFMN1121CA,2018.09,1818.925,,F,dollars,6,Selected Services Survey (ANZSIC06) - SSS,Industry sales - Subannual Financial Collection,Legal and Accounting Services,Sales (operating income),Current prices,Actual,
SSSQ.SFMN1121CA,2018.12,1693.412,,F,dollars,6,Selected Services Survey (ANZSIC06) - SSS,Industry sales - Subannual Financial Collection,Legal and Accounting Services,Sales (operating income),Current prices,Actual,
SSSQ.SFMN1121CA,2019.03,1532.498,,F,dollars,6,Selected Services Survey (ANZSIC06) - SSS,Industry sales - Subannual Financial Collection,Legal and Accounting Services,Sales (operating income),Current prices,Actual,
SSSQ.SFMN1121CA,2019.06,1806.419,,F,dollars,6,Selected Services Survey (ANZSIC06) - SSS,Industry sales - Subannual Financial Collection,Legal and Accounting Services,Sales (operating income),Current prices,Actual,
SSSQ.SFMN1121CA,2019.09,1947.236,,F,dollars,6,Selected Services Survey (ANZSIC06) - SSS,Industry sales - Subannual Financial Collection,Legal and Accounting Services,Sales (operating income),Current prices,Actual,
SSSQ.SFMN1121CA,2019.12,1862.965,,F,dollars,6,Selected Services Survey (ANZSIC06) - SSS,Industry sales - Subannual Financial Collection,Legal and Accounting Services,Sales (operating income),Current prices,Actual,
SSSQ.SFMN1121CA,2020.03,1745.208,,F,dollars,6,Selected Services Survey (ANZSIC06) - SSS,Industry sales - Subannual Financial Collection,Legal and Accounting Services,Sales (operating income),Current prices,Actual,
SSSQ.SFMN1121CA,2020.06,1776.174,,F,dollars,6,Selected Services Survey (ANZSIC06) - SSS,Industry sales - Subannual Financial Collection,Legal and Accounting Services,Sales (operating income),Current prices,Actual,
SSSQ.SFMN1121CA,2020.09,2104.27,,F,dollars,6,Selected Services Survey (ANZSIC06) - SSS,Industry sales - Subannual Financial Collection,Legal and Accounting Services,Sales (operating income),Current prices,Actual,
SSSQ.SFMN1121CA,2020.12,1952.765,,F,dollars,6,Selected Services Survey (ANZSIC06) - SSS,Industry sales - Subannual Financial Collection,Legal and Accounting Services,Sales (operating income),Current prices,Actual,
SSSQ.SFMN1121CA,2021.03,1817.486,,F,dollars,6,Selected Services Survey (ANZSIC06) - SSS,Industry sales - Subannual Financial Collection,Legal and Accounting Services,Sales (operating income),Current prices,Actual,
SSSQ.SFMN1121CA,2021.06,2096.163,,F,dollars,6,Selected Services Survey (ANZSIC06) - SSS,Industry sales - Subannual Financial Collection,Legal and Accounting Services,Sales (operating income),Current prices,Actual,
SSSQ.SFMN1121CA,2021.09,2165.144,,F,dollars,6,Selected Services Survey (ANZSIC06) - SSS,Industry sales - Subannual Financial Collection,Legal and Accounting Services,Sales (operating income),Current prices,Actual,
SSSQ.SFMN1121CA,2021.12,2120.019,,F,dollars,6,Selected Services Survey (ANZSIC06) - SSS,Industry sales - Subannual Financial Collection,Legal and Accounting Services,Sales (operating income),Current prices,Actual,
SSSQ.SFMN1121CA,2022.03,1937.841,,F,dollars,6,Selected Services Survey (ANZSIC06) - SSS,Industry sales - Subannual Financial Collection,Legal and Accounting Services,Sales (operating income),Current prices,Actual,
SSSQ.SFMN1121CA,2022.06,2218.3,,F,dollars,6,Selected Services Survey (ANZSIC06) - SSS,Industry sales - Subannual Financial Collection,Legal and Accounting Services,Sales (operating income),Current prices,Actual,
SSSQ.SFMN1121CA,2022.09,2313.995,,F,dollars,6,Selected Services Survey (ANZSIC06) - SSS,Industry sales - Subannual Financial Collection,Legal and Accounting Services,Sales (operating income),Current prices,Actual,
SSSQ.SFMN1121CA,2022.12,2193.011,,F,dollars,6,Selected Services Survey (ANZSIC06) - SSS,Industry sales - Subannual Financial Collection,Legal and Accounting Services,Sales (operating income),Current prices,Actual,
SSSQ.SFMN1121CA,2023.03,2048.953,,F,dollars,6,Selected Services Survey (ANZSIC06) - SSS,Industry sales - Subannual Financial Collection,Legal and Accounting Services,Sales (operating income),Current prices,Actual,
SSSQ.SFMN1121CA,2023.06,2463.617,,F,dollars,6,Selected Services Survey (ANZSIC06) - SSS,Industry sales - Subannual Financial Collection,Legal and Accounting Services,Sales (operating income),Current prices,Actual,
SSSQ.SFMN1121CA,2023.09,2449.887,,F,dollars,6,Selected Services Survey (ANZSIC06) - SSS,Industry sales - Subannual Financial Collection,Legal and Accounting Services,Sales (operating income),Current prices,Actual,
SSSQ.SFMN1121CA,2023.12,2385.283,,F,dollars,6,Selected Services Survey (ANZSIC06) - SSS,Industry sales - Subannual Financial Collection,Legal and Accounting Services,Sales (operating income),Current prices,Actual,
SSSQ.SFMN1121CA,2024.03,2132.421,,F,dollars,6,Selected Services Survey (ANZSIC06) - SSS,Industry sales - Subannual Financial Collection,Legal and Accounting Services,Sales (operating income),Current prices,Actual,
SSSQ.SFMN1121CA,2024.06,2534.114,,F,dollars,6,Selected Services Survey (ANZSIC06) - SSS,Industry sales - Subannual Financial Collection,Legal and Accounting Services,Sales (operating income),Current prices,Actual,
SSSQ.SFMN1121CA,2024.09,2550.535,,F,dollars,6,Selected Services Survey (ANZSIC06) - SSS,Industry sales - Subannual Financial Collection,Legal and Accounting Services,Sales (operating income),Current prices,Actual,
SSSQ.SFMN1121CA,2024.12,2397.219,,F,dollars,6,Selected Services Survey (ANZSIC06) - SSS,Industry sales - Subannual Financial Collection,Legal and Accounting Services,Sales (operating income),Current prices,Actual,
SSSQ.SFMN1121CA,2025.03,2229.282,,F,dollars,6,Selected Services Survey (ANZSIC06) - SSS,Industry sales - Subannual Financial Collection,Legal and Accounting Services,Sales (operating income),Current prices,Actual,
SSSQ.SFMN1121CA,2025.06,2613.299,,F,dollars,6,Selected Services Survey (ANZSIC06) - SSS,Industry sales - Subannual Financial Collection,Legal and Accounting Services,Sales (operating income),Current prices,Actual,
SSSQ.SFMN1121CA,2025.09,2683.79,,F,dollars,6,Selected Services Survey (ANZSIC06) - SSS,Industry sales - Subannual Financial Collection,Legal and Accounting Services,Sales (operating income),Current prices,Actual,
SSSQ.SFMN1121CA,2025.12,2505.244,,F,dollars,6,Selected Services Survey (ANZSIC06) - SSS,Industry sales - Subannual Financial Collection,Legal and Accounting Services,Sales (operating income),Current prices,Actual,
SSSQ.SFMN1121CS,2004.06,941.991,,F,dollars,6,Selected Services Survey (ANZSIC06) - SSS,Industry sales - Subannual Financial Collection,Legal and Accounting Services,Sales (operating income),Current prices,Seasonally adjusted,
SSSQ.SFMN1121CS,2004.09,948.832,,F,dollars,6,Selected Services Survey (ANZSIC06) - SSS,Industry sales - Subannual Financial Collection,Legal and Accounting Services,Sales (operating income),Current prices,Seasonally adjusted,
SSSQ.SFMN1121CS,2004.12,962.697,,F,dollars,6,Selected Services Survey (ANZSIC06) - SSS,Industry sales - Subannual Financial Collection,Legal and Accounting Services,Sales (operating income),Current prices,Seasonally adjusted,
SSSQ.SFMN1121CS,2005.03,953.906,,F,dollars,6,Selected Services Survey (ANZSIC06) - SSS,Industry sales - Subannual Financial Collection,Legal and Accounting Services,Sales (operating income),Current prices,Seasonally adjusted,
SSSQ.SFMN1121CS,2005.06,999.477,,F,dollars,6,Selected Services Survey (ANZSIC06) - SSS,Industry sales - Subannual Financial Collection,Legal and Accounting Services,Sales (operating income),Current prices,Seasonally adjusted,
SSSQ.SFMN1121CS,2005.09,998.934,,F,dollars,6,Selected Services Survey (ANZSIC06) - SSS,Industry sales - Subannual Financial Collection,Legal and Accounting Services,Sales (operating income),Current prices,Seasonally adjusted,
SSSQ.SFMN1121CS,2005.12,1001.869,,F,dollars,6,Selected Services Survey (ANZSIC06) - SSS,Industry sales - Subannual Financial Collection,Legal and Accounting Services,Sales (operating income),Current prices,Seasonally adjusted,
SSSQ.SFMN1121CS,2006.03,1076.561,,F,dollars,6,Selected Services Survey (ANZSIC06) - SSS,Industry sales - Subannual Financial Collection,Legal and Accounting Services,Sales (operating income),Current prices,Seasonally adjusted,
SSSQ.SFMN1121CS,2006.06,1051.283,,F,dollars,6,Selected Services Survey (ANZSIC06) - SSS,Industry sales - Subannual Financial Collection,Legal and Accounting Services,Sales (operating income),Current prices,Seasonally adjusted,
SSSQ.SFMN1121CS,2006.09,1079.464,,F,dollars,6,Selected Services Survey (ANZSIC06) - SSS,Industry sales - Subannual Financial Collection,Legal and Accounting Services,Sales (operating income),Current prices,Seasonally adjusted,
SSSQ.SFMN1121CS,2006.12,1116.291,,F,dollars,6,Selected Services Survey (ANZSIC06) - SSS,Industry sales - Subannual Financial Collection,Legal and Accounting Services,Sales (operating income),Current prices,Seasonally adjusted,
SSSQ.SFMN1121CS,2007.03,1162.522,,F,dollars,6,Selected Services Survey (ANZSIC06) - SSS,Industry sales - Subannual Financial Collection,Legal and Accounting Services,Sales (operating income),Current prices,Seasonally adjusted,
SSSQ.SFMN1121CS,2007.06,1152.315,,F,dollars,6,Selected Services Survey (ANZSIC06) - SSS,Industry sales - Subannual Financial Collection,Legal and Accounting Services,Sales (operating income),Current prices,Seasonally adjusted,
SSSQ.SFMN1121CS,2007.09,1171.596,,F,dollars,6,Selected Services Survey (ANZSIC06) - SSS,Industry sales - Subannual Financial Collection,Legal and Accounting Services,Sales (operating income),Current prices,Seasonally adjusted,
SSSQ.SFMN1121CS,2007.12,1198.022,,F,dollars,6,Selected Services Survey (ANZSIC06) - SSS,Industry sales - Subannual Financial Collection,Legal and Accounting Services,Sales (operating income),Current prices,Seasonally adjusted,
SSSQ.SFMN1121CS,2008.03,1200.619,,F,dollars,6,Selected Services Survey (ANZSIC06) - SSS,Industry sales - Subannual Financial Collection,Legal and Accounting Services,Sales (operating income),Current prices,Seasonally adjusted,
SSSQ.SFMN1121CS,2008.06,1214.526,,F,dollars,6,Selected Services Survey (ANZSIC06) - SSS,Industry sales - Subannual Financial Collection,Legal and Accounting Services,Sales (operating income),Current prices,Seasonally adjusted,
SSSQ.SFMN1121CS,2008.09,1204.572,,F,dollars,6,Selected Services Survey (ANZSIC06) - SSS,Industry sales - Subannual Financial Collection,Legal and Accounting Services,Sales (operating income),Current prices,Seasonally adjusted,
SSSQ.SFMN1121CS,2008.12,1210.333,,F,dollars,6,Selected Services Survey (ANZSIC06) - SSS,Industry sales - Subannual Financial Collection,Legal and Accounting Services,Sales (operating income),Current prices,Seasonally adjusted,
SSSQ.SFMN1121CS,2009.03,1206.651,,F,dollars,6,Selected Services Survey (ANZSIC06) - SSS,Industry sales - Subannual Financial Collection,Legal and Accounting Services,Sales (operating income),Current prices,Seasonally adjusted,
SSSQ.SFMN1121CS,2009.06,1243.858,,F,dollars,6,Selected Services Survey (ANZSIC06) - SSS,Industry sales - Subannual Financial Collection,Legal and Accounting Services,Sales (operating income),Current prices,Seasonally adjusted,
SSSQ.SFMN1121CS,2009.09,1226.96,,F,dollars,6,Selected Services Survey (ANZSIC06) - SSS,Industry sales - Subannual Financial Collection,Legal and Accounting Services,Sales (operating income),Current prices,Seasonally adjusted,
SSSQ.SFMN1121CS,2009.12,1226.476,,F,dollars,6,Selected Services Survey (ANZSIC06) - SSS,Industry sales - Subannual Financial Collection,Legal and Accounting Services,Sales (operating income),Current prices,Seasonally adjusted,
SSSQ.SFMN1121CS,2010.03,1232.264,,F,dollars,6,Selected Services Survey (ANZSIC06) - SSS,Industry sales - Subannual Financial Collection,Legal and Accounting Services,Sales (operating income),Current prices,Seasonally adjusted,
SSSQ.SFMN1121CS,2010.06,1230.189,,F,dollars,6,Selected Services Survey (ANZSIC06) - SSS,Industry sales - Subannual Financial Collection,Legal and Accounting Services,Sales (operating income),Current prices,Seasonally adjusted,
SSSQ.SFMN1121CS,2010.09,1289.836,,F,dollars,6,Selected Services Survey (ANZSIC06) - SSS,Industry sales - Subannual Financial Collection,Legal and Accounting Services,Sales (operating income),Current prices,Seasonally adjusted,
SSSQ.SFMN1121CS,2010.12,1257.392,,F,dollars,6,Selected Services Survey (ANZSIC06) - SSS,Industry sales - Subannual Financial Collection,Legal and Accounting Services,Sales (operating income),Current prices,Seasonally adjusted,
SSSQ.SFMN1121CS,2011.03,1244.689,,F,dollars,6,Selected Services Survey (ANZSIC06) - SSS,Industry sales - Subannual Financial Collection,Legal and Accounting Services,Sales (operating income),Current prices,Seasonally adjusted,
SSSQ.SFMN1121CS,2011.06,1283.668,,F,dollars,6,Selected Services Survey (ANZSIC06) - SSS,Industry sales - Subannual Financial Collection,Legal and Accounting Services,Sales (operating income),Current prices,Seasonally adjusted,
SSSQ.SFMN1121CS,2011.09,1305.407,,F,dollars,6,Selected Services Survey (ANZSIC06) - SSS,Industry sales - Subannual Financial Collection,Legal and Accounting Services,Sales (operating income),Current prices,Seasonally adjusted,
SSSQ.SFMN1121CS,2011.12,1292.633,,F,dollars,6,Selected Services Survey (ANZSIC06) - SSS,Industry sales - Subannual Financial Collection,Legal and Accounting Services,Sales (operating income),Current prices,Seasonally adjusted,
SSSQ.SFMN1121CS,2012.03,1307.308,,F,dollars,6,Selected Services Survey (ANZSIC06) - SSS,Industry sales - Subannual Financial Collection,Legal and Accounting Services,Sales (operating income),Current prices,Seasonally adjusted,
SSSQ.SFMN1121CS,2012.06,1282.142,,F,dollars,6,Selected Services Survey (ANZSIC06) - SSS,Industry sales - Subannual Financial Collection,Legal and Accounting Services,Sales (operating income),Current prices,Seasonally adjusted,
SSSQ.SFMN1121CS,2012.09,1294.195,,F,dollars,6,Selected Services Survey (ANZSIC06) - SSS,Industry sales - Subannual Financial Collection,Legal and Accounting Services,Sales (operating income),Current prices,Seasonally adjusted,
SSSQ.SFMN1121CS,2012.12,1353.008,,F,dollars,6,Selected Services Survey (ANZSIC06) - SSS,Industry sales - Subannual Financial Collection,Legal and Accounting Services,Sales (operating income),Current prices,Seasonally adjusted,
SSSQ.SFMN1121CS,2013.03,1307.101,,F,dollars,6,Selected Services Survey (ANZSIC06) - SSS,Industry sales - Subannual Financial Collection,Legal and Accounting Services,Sales (operating income),Current prices,Seasonally adjusted,
SSSQ.SFMN1121CS,2013.06,1379.743,,F,dollars,6,Selected Services Survey (ANZSIC06) - SSS,Industry sales - Subannual Financial Collection,Legal and Accounting Services,Sales (operating income),Current prices,Seasonally adjusted,
SSSQ.SFMN1121CS,2013.09,1379.21,,F,dollars,6,Selected Services Survey (ANZSIC06) - SSS,Industry sales - Subannual Financial Collection,Legal and Accounting Services,Sales (operating income),Current prices,Seasonally adjusted,
SSSQ.SFMN1121CS,2013.12,1371.028,,F,dollars,6,Selected Services Survey (ANZSIC06) - SSS,Industry sales - Subannual Financial Collection,Legal and Accounting Services,Sales (operating income),Current prices,Seasonally adjusted,
SSSQ.SFMN1121CS,2014.03,1414.717,,F,dollars,6,Selected Services Survey (ANZSIC06) - SSS,Industry sales - Subannual Financial Collection,Legal and Accounting Services,Sales (operating income),Current prices,Seasonally adjusted,
SSSQ.SFMN1121CS,2014.06,1379.954,,F,dollars,6,Selected Services Survey (ANZSIC06) - SSS,Industry sales - Subannual Financial Collection,Legal and Accounting Services,Sales (operating income),Current prices,Seasonally adjusted,
SSSQ.SFMN1121CS,2014.09,1392.205,,F,dollars,6,Selected Services Survey (ANZSIC06) - SSS,Industry sales - Subannual Financial Collection,Legal and Accounting Services,Sales (operating income),Current prices,Seasonally adjusted,
SSSQ.SFMN1121CS,2014.12,1431.44,,F,dollars,6,Selected Services Survey (ANZSIC06) - SSS,Industry sales - Subannual Financial Collection,Legal and Accounting Services,Sales (operating income),Current prices,Seasonally adjusted,
SSSQ.SFMN1121CS,2015.03,1440.728,,F,dollars,6,Selected Services Survey (ANZSIC06) - SSS,Industry sales - Subannual Financial Collection,Legal and Accounting Services,Sales (operating income),Current prices,Seasonally adjusted,
SSSQ.SFMN1121CS,2015.06,1454.688,,F,dollars,6,Selected Services Survey (ANZSIC06) - SSS,Industry sales - Subannual Financial Collection,Legal and Accounting Services,Sales (operating income),Current prices,Seasonally adjusted,
SSSQ.SFMN1121CS,2015.09,1502.682,,F,dollars,6,Selected Services Survey (ANZSIC06) - SSS,Industry sales - Subannual Financial Collection,Legal and Accounting Services,Sales (operating income),Current prices,Seasonally adjusted,
SSSQ.SFMN1121CS,2015.12,1520.81,,F,dollars,6,Selected Services Survey (ANZSIC06) - SSS,Industry sales - Subannual Financial Collection,Legal and Accounting Services,Sales (operating income),Current prices,Seasonally adjusted,
SSSQ.SFMN1121CS,2016.03,1523.242,,F,dollars,6,Selected Services Survey (ANZSIC06) - SSS,Industry sales - Subannual Financial Collection,Legal and Accounting Services,Sales (operating income),Current prices,Seasonally adjusted,
SSSQ.SFMN1121CS,2016.06,1600.052,,R,dollars,6,Selected Services Survey (ANZSIC06) - SSS,Industry sales - Subannual Financial Collection,Legal and Accounting Services,Sales (operating income),Current prices,Seasonally adjusted,
SSSQ.SFMN1121CS,2016.09,1580.432,,R,dollars,6,Selected Services Survey (ANZSIC06) - SSS,Industry sales - Subannual Financial Collection,Legal and Accounting Services,Sales (operating income),Current prices,Seasonally adjusted,
SSSQ.SFMN1121CS,2016.12,1557.504,,R,dollars,6,Selected Services Survey (ANZSIC06) - SSS,Industry sales - Subannual Financial Collection,Legal and Accounting Services,Sales (operating income),Current prices,Seasonally adjusted,
SSSQ.SFMN1121CS,2017.03,1618.611,,R,dollars,6,Selected Services Survey (ANZSIC06) - SSS,Industry sales - Subannual Financial Collection,Legal and Accounting Services,Sales (operating income),Current prices,Seasonally adjusted,
SSSQ.SFMN1121CS,2017.06,1568.571,,R,dollars,6,Selected Services Survey (ANZSIC06) - SSS,Industry sales - Subannual Financial Collection,Legal and Accounting Services,Sales (operating income),Current prices,Seasonally adjusted,
SSSQ.SFMN1121CS,2017.09,1601.606,,R,dollars,6,Selected Services Survey (ANZSIC06) - SSS,Industry sales - Subannual Financial Collection,Legal and Accounting Services,Sales (operating income),Current prices,Seasonally adjusted,
SSSQ.SFMN1121CS,2017.12,1653.102,,R,dollars,6,Selected Services Survey (ANZSIC06) - SSS,Industry sales - Subannual Financial Collection,Legal and Accounting Services,Sales (operating income),Current prices,Seasonally adjusted,
SSSQ.SFMN1121CS,2018.03,1684.836,,R,dollars,6,Selected Services Survey (ANZSIC06) - SSS,Industry sales - Subannual Financial Collection,Legal and Accounting Services,Sales (operating income),Current prices,Seasonally adjusted,
SSSQ.SFMN1121CS,2018.06,1734.902,,R,dollars,6,Selected Services Survey (ANZSIC06) - SSS,Industry sales - Subannual Financial Collection,Legal and Accounting Services,Sales (operating income),Current prices,Seasonally adjusted,
SSSQ.SFMN1121CS,2018.09,1707.195,,R,dollars,6,Selected Services Survey (ANZSIC06) - SSS,Industry sales - Subannual Financial Collection,Legal and Accounting Services,Sales (operating income),Current prices,Seasonally adjusted,
SSSQ.SFMN1121CS,2018.12,1705.077,,R,dollars,6,Selected Services Survey (ANZSIC06) - SSS,Industry sales - Subannual Financial Collection,Legal and Accounting Services,Sales (operating income),Current prices,Seasonally adjusted,
SSSQ.SFMN1121CS,2019.03,1705.497,,R,dollars,6,Selected Services Survey (ANZSIC06) - SSS,Industry sales - Subannual Financial Collection,Legal and Accounting Services,Sales (operating income),Current prices,Seasonally adjusted,
SSSQ.SFMN1121CS,2019.06,1730.839,,R,dollars,6,Selected Services Survey (ANZSIC06) - SSS,Industry sales - Subannual Financial Collection,Legal and Accounting Services,Sales (operating income),Current prices,Seasonally adjusted,
SSSQ.SFMN1121CS,2019.09,1830.052,,R,dollars,6,Selected Services Survey (ANZSIC06) - SSS,Industry sales - Subannual Financial Collection,Legal and Accounting Services,Sales (operating income),Current prices,Seasonally adjusted,
SSSQ.SFMN1121CS,2019.12,1875.676,,R,dollars,6,Selected Services Survey (ANZSIC06) - SSS,Industry sales - Subannual Financial Collection,Legal and Accounting Services,Sales (operating income),Current prices,Seasonally adjusted,
SSSQ.SFMN1121CS,2020.03,1940.637,,R,dollars,6,Selected Services Survey (ANZSIC06) - SSS,Industry sales - Subannual Financial Collection,Legal and Accounting Services,Sales (operating income),Current prices,Seasonally adjusted,
SSSQ.SFMN1121CS,2020.06,1700.771,,R,dollars,6,Selected Services Survey (ANZSIC06) - SSS,Industry sales - Subannual Financial Collection,Legal and Accounting Services,Sales (operating income),Current prices,Seasonally adjusted,
SSSQ.SFMN1121CS,2020.09,1980.159,,R,dollars,6,Selected Services Survey (ANZSIC06) - SSS,Industry sales - Subannual Financial Collection,Legal and Accounting Services,Sales (operating income),Current prices,Seasonally adjusted,
SSSQ.SFMN1121CS,2020.12,1966.352,,R,dollars,6,Selected Services Survey (ANZSIC06) - SSS,Industry sales - Subannual Financial Collection,Legal and Accounting Services,Sales (operating income),Current prices,Seasonally adjusted,
SSSQ.SFMN1121CS,2021.03,2018.924,,R,dollars,6,Selected Services Survey (ANZSIC06) - SSS,Industry sales - Subannual Financial Collection,Legal and Accounting Services,Sales (operating income),Current prices,Seasonally adjusted,
SSSQ.SFMN1121CS,2021.06,2006.5,,R,dollars,6,Selected Services Survey (ANZSIC06) - SSS,Industry sales - Subannual Financial Collection,Legal and Accounting Services,Sales (operating income),Current prices,Seasonally adjusted,
SSSQ.SFMN1121CS,2021.09,2039.223,,R,dollars,6,Selected Services Survey (ANZSIC06) - SSS,Industry sales - Subannual Financial Collection,Legal and Accounting Services,Sales (operating income),Current prices,Seasonally adjusted,
SSSQ.SFMN1121CS,2021.12,2135.826,,R,dollars,6,Selected Services Survey (ANZSIC06) - SSS,Industry sales - Subannual Financial Collection,Legal and Accounting Services,Sales (operating income),Current prices,Seasonally adjusted,
SSSQ.SFMN1121CS,2022.03,2149.346,,R,dollars,6,Selected Services Survey (ANZSIC06) - SSS,Industry sales - Subannual Financial Collection,Legal and Accounting Services,Sales (operating income),Current prices,Seasonally adjusted,
SSSQ.SFMN1121CS,2022.06,2124.26,,R,dollars,6,Selected Services Survey (ANZSIC06) - SSS,Industry sales - Subannual Financial Collection,Legal and Accounting Services,Sales (operating income),Current prices,Seasonally adjusted,
SSSQ.SFMN1121CS,2022.09,2180.112,,R,dollars,6,Selected Services Survey (ANZSIC06) - SSS,Industry sales - Subannual Financial Collection,Legal and Accounting Services,Sales (operating income),Current prices,Seasonally adjusted,
SSSQ.SFMN1121CS,2022.12,2210.049,,R,dollars,6,Selected Services Survey (ANZSIC06) - SSS,Industry sales - Subannual Financial Collection,Legal and Accounting Services,Sales (operating income),Current prices,Seasonally adjusted,
SSSQ.SFMN1121CS,2023.03,2271.447,,R,dollars,6,Selected Services Survey (ANZSIC06) - SSS,Industry sales - Subannual Financial Collection,Legal and Accounting Services,Sales (operating income),Current prices,Seasonally adjusted,
SSSQ.SFMN1121CS,2023.06,2357.775,,R,dollars,6,Selected Services Survey (ANZSIC06) - SSS,Industry sales - Subannual Financial Collection,Legal and Accounting Services,Sales (operating income),Current prices,Seasonally adjusted,
SSSQ.SFMN1121CS,2023.09,2309.725,,R,dollars,6,Selected Services Survey (ANZSIC06) - SSS,Industry sales - Subannual Financial Collection,Legal and Accounting Services,Sales (operating income),Current prices,Seasonally adjusted,
SSSQ.SFMN1121CS,2023.12,2404.65,,R,dollars,6,Selected Services Survey (ANZSIC06) - SSS,Industry sales - Subannual Financial Collection,Legal and Accounting Services,Sales (operating income),Current prices,Seasonally adjusted,
SSSQ.SFMN1121CS,2024.03,2363.223,,R,dollars,6,Selected Services Survey (ANZSIC06) - SSS,Industry sales - Subannual Financial Collection,Legal and Accounting Services,Sales (operating income),Current prices,Seasonally adjusted,
SSSQ.SFMN1121CS,2024.06,2423.216,,R,dollars,6,Selected Services Survey (ANZSIC06) - SSS,Industry sales - Subannual Financial Collection,Legal and Accounting Services,Sales (operating income),Current prices,Seasonally adjusted,
SSSQ.SFMN1121CS,2024.09,2406.583,,R,dollars,6,Selected Services Survey (ANZSIC06) - SSS,Industry sales - Subannual Financial Collection,Legal and Accounting Services,Sales (operating income),Current prices,Seasonally adjusted,
SSSQ.SFMN1121CS,2024.12,2416.674,,R,dollars,6,Selected Services Survey (ANZSIC06) - SSS,Industry sales - Subannual Financial Collection,Legal and Accounting Services,Sales (operating income),Current prices,Seasonally adjusted,
SSSQ.SFMN1121CS,2025.03,2471.961,,R,dollars,6,Selected Services Survey (ANZSIC06) - SSS,Industry sales - Subannual Financial Collection,Legal and Accounting Services,Sales (operating income),Current prices,Seasonally adjusted,
SSSQ.SFMN1121CS,2025.06,2495.49,,R,dollars,6,Selected Services Survey (ANZSIC06) - SSS,Industry sales - Subannual Financial Collection,Legal and Accounting Services,Sales (operating income),Current prices,Seasonally adjusted,
SSSQ.SFMN1121CS,2025.09,2533.799,,R,dollars,6,Selected Services Survey (ANZSIC06) - SSS,Industry sales - Subannual Financial Collection,Legal and Accounting Services,Sales (operating income),Current prices,Seasonally adjusted,
SSSQ.SFMN1121CS,2025.12,2526.247,,F,dollars,6,Selected Services Survey (ANZSIC06) - SSS,Industry sales - Subannual Financial Collection,Legal and Accounting Services,Sales (operating income),Current prices,Seasonally adjusted,
SSSQ.SFMN1121CT,2004.06,940.702,,F,dollars,6,Selected Services Survey (ANZSIC06) - SSS,Industry sales - Subannual Financial Collection,Legal and Accounting Services,Sales (operating income),Current prices,Trend,
SSSQ.SFMN1121CT,2004.09,950.973,,F,dollars,6,Selected Services Survey (ANZSIC06) - SSS,Industry sales - Subannual Financial Collection,Legal and Accounting Services,Sales (operating income),Current prices,Trend,
SSSQ.SFMN1121CT,2004.12,956.768,,F,dollars,6,Selected Services Survey (ANZSIC06) - SSS,Industry sales - Subannual Financial Collection,Legal and Accounting Services,Sales (operating income),Current prices,Trend,
SSSQ.SFMN1121CT,2005.03,970.569,,F,dollars,6,Selected Services Survey (ANZSIC06) - SSS,Industry sales - Subannual Financial Collection,Legal and Accounting Services,Sales (operating income),Current prices,Trend,
SSSQ.SFMN1121CT,2005.06,990.364,,F,dollars,6,Selected Services Survey (ANZSIC06) - SSS,Industry sales - Subannual Financial Collection,Legal and Accounting Services,Sales (operating income),Current prices,Trend,
SSSQ.SFMN1121CT,2005.09,999.814,,F,dollars,6,Selected Services Survey (ANZSIC06) - SSS,Industry sales - Subannual Financial Collection,Legal and Accounting Services,Sales (operating income),Current prices,Trend,
SSSQ.SFMN1121CT,2005.12,1008.578,,F,dollars,6,Selected Services Survey (ANZSIC06) - SSS,Industry sales - Subannual Financial Collection,Legal and Accounting Services,Sales (operating income),Current prices,Trend,
SSSQ.SFMN1121CT,2006.03,1031.897,,F,dollars,6,Selected Services Survey (ANZSIC06) - SSS,Industry sales - Subannual Financial Collection,Legal and Accounting Services,Sales (operating income),Current prices,Trend,
SSSQ.SFMN1121CT,2006.06,1054.925,,F,dollars,6,Selected Services Survey (ANZSIC06) - SSS,Industry sales - Subannual Financial Collection,Legal and Accounting Services,Sales (operating income),Current prices,Trend,
SSSQ.SFMN1121CT,2006.09,1078.846,,F,dollars,6,Selected Services Survey (ANZSIC06) - SSS,Industry sales - Subannual Financial Collection,Legal and Accounting Services,Sales (operating income),Current prices,Trend,
SSSQ.SFMN1121CT,2006.12,1121.181,,F,dollars,6,Selected Services Survey (ANZSIC06) - SSS,Industry sales - Subannual Financial Collection,Legal and Accounting Services,Sales (operating income),Current prices,Trend,
SSSQ.SFMN1121CT,2007.03,1151.378,,F,dollars,6,Selected Services Survey (ANZSIC06) - SSS,Industry sales - Subannual Financial Collection,Legal and Accounting Services,Sales (operating income),Current prices,Trend,
SSSQ.SFMN1121CT,2007.06,1160.265,,F,dollars,6,Selected Services Survey (ANZSIC06) - SSS,Industry sales - Subannual Financial Collection,Legal and Accounting Services,Sales (operating income),Current prices,Trend,
SSSQ.SFMN1121CT,2007.09,1172.23,,F,dollars,6,Selected Services Survey (ANZSIC06) - SSS,Industry sales - Subannual Financial Collection,Legal and Accounting Services,Sales (operating income),Current prices,Trend,
SSSQ.SFMN1121CT,2007.12,1193.168,,F,dollars,6,Selected Services Survey (ANZSIC06) - SSS,Industry sales - Subannual Financial Collection,Legal and Accounting Services,Sales (operating income),Current prices,Trend,
SSSQ.SFMN1121CT,2008.03,1205.781,,F,dollars,6,Selected Services Survey (ANZSIC06) - SSS,Industry sales - Subannual Financial Collection,Legal and Accounting Services,Sales (operating income),Current prices,Trend,
SSSQ.SFMN1121CT,2008.06,1209.038,,F,dollars,6,Selected Services Survey (ANZSIC06) - SSS,Industry sales - Subannual Financial Collection,Legal and Accounting Services,Sales (operating income),Current prices,Trend,
SSSQ.SFMN1121CT,2008.09,1209.325,,F,dollars,6,Selected Services Survey (ANZSIC06) - SSS,Industry sales - Subannual Financial Collection,Legal and Accounting Services,Sales (operating income),Current prices,Trend,
SSSQ.SFMN1121CT,2008.12,1204.79,,F,dollars,6,Selected Services Survey (ANZSIC06) - SSS,Industry sales - Subannual Financial Collection,Legal and Accounting Services,Sales (operating income),Current prices,Trend,
SSSQ.SFMN1121CT,2009.03,1217.321,,F,dollars,6,Selected Services Survey (ANZSIC06) - SSS,Industry sales - Subannual Financial Collection,Legal and Accounting Services,Sales (operating income),Current prices,Trend,
SSSQ.SFMN1121CT,2009.06,1231.704,,F,dollars,6,Selected Services Survey (ANZSIC06) - SSS,Industry sales - Subannual Financial Collection,Legal and Accounting Services,Sales (operating income),Current prices,Trend,
SSSQ.SFMN1121CT,2009.09,1232.882,,F,dollars,6,Selected Services Survey (ANZSIC06) - SSS,Industry sales - Subannual Financial Collection,Legal and Accounting Services,Sales (operating income),Current prices,Trend,
SSSQ.SFMN1121CT,2009.12,1226.769,,F,dollars,6,Selected Services Survey (ANZSIC06) - SSS,Industry sales - Subannual Financial Collection,Legal and Accounting Services,Sales (operating income),Current prices,Trend,
SSSQ.SFMN1121CT,2010.03,1226.672,,F,dollars,6,Selected Services Survey (ANZSIC06) - SSS,Industry sales - Subannual Financial Collection,Legal and Accounting Services,Sales (operating income),Current prices,Trend,
SSSQ.SFMN1121CT,2010.06,1244.372,,F,dollars,6,Selected Services Survey (ANZSIC06) - SSS,Industry sales - Subannual Financial Collection,Legal and Accounting Services,Sales (operating income),Current prices,Trend,
SSSQ.SFMN1121CT,2010.09,1266.102,,F,dollars,6,Selected Services Survey (ANZSIC06) - SSS,Industry sales - Subannual Financial Collection,Legal and Accounting Services,Sales (operating income),Current prices,Trend,
SSSQ.SFMN1121CT,2010.12,1261.038,,F,dollars,6,Selected Services Survey (ANZSIC06) - SSS,Industry sales - Subannual Financial Collection,Legal and Accounting Services,Sales (operating income),Current prices,Trend,
SSSQ.SFMN1121CT,2011.03,1252.65,,F,dollars,6,Selected Services Survey (ANZSIC06) - SSS,Industry sales - Subannual Financial Collection,Legal and Accounting Services,Sales (operating income),Current prices,Trend,
SSSQ.SFMN1121CT,2011.06,1279.876,,F,dollars,6,Selected Services Survey (ANZSIC06) - SSS,Industry sales - Subannual Financial Collection,Legal and Accounting Services,Sales (operating income),Current prices,Trend,
SSSQ.SFMN1121CT,2011.09,1299.589,,F,dollars,6,Selected Services Survey (ANZSIC06) - SSS,Industry sales - Subannual Financial Collection,Legal and Accounting Services,Sales (operating income),Current prices,Trend,
SSSQ.SFMN1121CT,2011.12,1302.123,,F,dollars,6,Selected Services Survey (ANZSIC06) - SSS,Industry sales - Subannual Financial Collection,Legal and Accounting Services,Sales (operating income),Current prices,Trend,
SSSQ.SFMN1121CT,2012.03,1296.709,,F,dollars,6,Selected Services Survey (ANZSIC06) - SSS,Industry sales - Subannual Financial Collection,Legal and Accounting Services,Sales (operating income),Current prices,Trend,
SSSQ.SFMN1121CT,2012.06,1287.631,,F,dollars,6,Selected Services Survey (ANZSIC06) - SSS,Industry sales - Subannual Financial Collection,Legal and Accounting Services,Sales (operating income),Current prices,Trend,
SSSQ.SFMN1121CT,2012.09,1301.165,,F,dollars,6,Selected Services Survey (ANZSIC06) - SSS,Industry sales - Subannual Financial Collection,Legal and Accounting Services,Sales (operating income),Current prices,Trend,
SSSQ.SFMN1121CT,2012.12,1332.344,,F,dollars,6,Selected Services Survey (ANZSIC06) - SSS,Industry sales - Subannual Financial Collection,Legal and Accounting Services,Sales (operating income),Current prices,Trend,
SSSQ.SFMN1121CT,2013.03,1356.215,,F,dollars,6,Selected Services Survey (ANZSIC06) - SSS,Industry sales - Subannual Financial Collection,Legal and Accounting Services,Sales (operating income),Current prices,Trend,
SSSQ.SFMN1121CT,2013.06,1372.29,,F,dollars,6,Selected Services Survey (ANZSIC06) - SSS,Industry sales - Subannual Financial Collection,Legal and Accounting Services,Sales (operating income),Current prices,Trend,
SSSQ.SFMN1121CT,2013.09,1376.925,,F,dollars,6,Selected Services Survey (ANZSIC06) - SSS,Industry sales - Subannual Financial Collection,Legal and Accounting Services,Sales (operating income),Current prices,Trend,
SSSQ.SFMN1121CT,2013.12,1384.967,,F,dollars,6,Selected Services Survey (ANZSIC06) - SSS,Industry sales - Subannual Financial Collection,Legal and Accounting Services,Sales (operating income),Current prices,Trend,
SSSQ.SFMN1121CT,2014.03,1395.935,,F,dollars,6,Selected Services Survey (ANZSIC06) - SSS,Industry sales - Subannual Financial Collection,Legal and Accounting Services,Sales (operating income),Current prices,Trend,
SSSQ.SFMN1121CT,2014.06,1390.637,,F,dollars,6,Selected Services Survey (ANZSIC06) - SSS,Industry sales - Subannual Financial Collection,Legal and Accounting Services,Sales (operating income),Current prices,Trend,
SSSQ.SFMN1121CT,2014.09,1394.915,,F,dollars,6,Selected Services Survey (ANZSIC06) - SSS,Industry sales - Subannual Financial Collection,Legal and Accounting Services,Sales (operating income),Current prices,Trend,
SSSQ.SFMN1121CT,2014.12,1424.718,,F,dollars,6,Selected Services Survey (ANZSIC06) - SSS,Industry sales - Subannual Financial Collection,Legal and Accounting Services,Sales (operating income),Current prices,Trend,
SSSQ.SFMN1121CT,2015.03,1441.114,,F,dollars,6,Selected Services Survey (ANZSIC06) - SSS,Industry sales - Subannual Financial Collection,Legal and Accounting Services,Sales (operating income),Current prices,Trend,
SSSQ.SFMN1121CT,2015.06,1461.536,,F,dollars,6,Selected Services Survey (ANZSIC06) - SSS,Industry sales - Subannual Financial Collection,Legal and Accounting Services,Sales (operating income),Current prices,Trend,
SSSQ.SFMN1121CT,2015.09,1496.95,,F,dollars,6,Selected Services Survey (ANZSIC06) - SSS,Industry sales - Subannual Financial Collection,Legal and Accounting Services,Sales (operating income),Current prices,Trend,
SSSQ.SFMN1121CT,2015.12,1515.274,,F,dollars,6,Selected Services Survey (ANZSIC06) - SSS,Industry sales - Subannual Financial Collection,Legal and Accounting Services,Sales (operating income),Current prices,Trend,
SSSQ.SFMN1121CT,2016.03,1542.342,,F,dollars,6,Selected Services Survey (ANZSIC06) - SSS,Industry sales - Subannual Financial Collection,Legal and Accounting Services,Sales (operating income),Current prices,Trend,
SSSQ.SFMN1121CT,2016.06,1579.741,,R,dollars,6,Selected Services Survey (ANZSIC06) - SSS,Industry sales - Subannual Financial Collection,Legal and Accounting Services,Sales (operating income),Current prices,Trend,
SSSQ.SFMN1121CT,2016.09,1584.104,,R,dollars,6,Selected Services Survey (ANZSIC06) - SSS,Industry sales - Subannual Financial Collection,Legal and Accounting Services,Sales (operating income),Current prices,Trend,
SSSQ.SFMN1121CT,2016.12,1566.087,,R,dollars,6,Selected Services Survey (ANZSIC06) - SSS,Industry sales - Subannual Financial Collection,Legal and Accounting Services,Sales (operating income),Current prices,Trend,
SSSQ.SFMN1121CT,2017.03,1566.854,,R,dollars,6,Selected Services Survey (ANZSIC06) - SSS,Industry sales - Subannual Financial Collection,Legal and Accounting Services,Sales (operating income),Current prices,Trend,
SSSQ.SFMN1121CT,2017.06,1575.415,,R,dollars,6,Selected Services Survey (ANZSIC06) - SSS,Industry sales - Subannual Financial Collection,Legal and Accounting Services,Sales (operating income),Current prices,Trend,
SSSQ.SFMN1121CT,2017.09,1602.709,,R,dollars,6,Selected Services Survey (ANZSIC06) - SSS,Industry sales - Subannual Financial Collection,Legal and Accounting Services,Sales (operating income),Current prices,Trend,
SSSQ.SFMN1121CT,2017.12,1647.498,,R,dollars,6,Selected Services Survey (ANZSIC06) - SSS,Industry sales - Subannual Financial Collection,Legal and Accounting Services,Sales (operating income),Current prices,Trend,
SSSQ.SFMN1121CT,2018.03,1694.69,,R,dollars,6,Selected Services Survey (ANZSIC06) - SSS,Industry sales - Subannual Financial Collection,Legal and Accounting Services,Sales (operating income),Current prices,Trend,
SSSQ.SFMN1121CT,2018.06,1720.256,,R,dollars,6,Selected Services Survey (ANZSIC06) - SSS,Industry sales - Subannual Financial Collection,Legal and Accounting Services,Sales (operating income),Current prices,Trend,
SSSQ.SFMN1121CT,2018.09,1716.477,,R,dollars,6,Selected Services Survey (ANZSIC06) - SSS,Industry sales - Subannual Financial Collection,Legal and Accounting Services,Sales (operating income),Current prices,Trend,
SSSQ.SFMN1121CT,2018.12,1701.741,,R,dollars,6,Selected Services Survey (ANZSIC06) - SSS,Industry sales - Subannual Financial Collection,Legal and Accounting Services,Sales (operating income),Current prices,Trend,
SSSQ.SFMN1121CT,2019.03,1703.546,,R,dollars,6,Selected Services Survey (ANZSIC06) - SSS,Industry sales - Subannual Financial Collection,Legal and Accounting Services,Sales (operating income),Current prices,Trend,
SSSQ.SFMN1121CT,2019.06,1743.792,,R,dollars,6,Selected Services Survey (ANZSIC06) - SSS,Industry sales - Subannual Financial Collection,Legal and Accounting Services,Sales (operating income),Current prices,Trend,
SSSQ.SFMN1121CT,2019.09,1815.338,,R,dollars,6,Selected Services Survey (ANZSIC06) - SSS,Industry sales - Subannual Financial Collection,Legal and Accounting Services,Sales (operating income),Current prices,Trend,
SSSQ.SFMN1121CT,2019.12,1886.929,,R,dollars,6,Selected Services Survey (ANZSIC06) - SSS,Industry sales - Subannual Financial Collection,Legal and Accounting Services,Sales (operating income),Current prices,Trend,
SSSQ.SFMN1121CT,2020.03,1927.942,,R,dollars,6,Selected Services Survey (ANZSIC06) - SSS,Industry sales - Subannual Financial Collection,Legal and Accounting Services,Sales (operating income),Current prices,Trend,
SSSQ.SFMN1121CT,2020.06,1957.349,,R,dollars,6,Selected Services Survey (ANZSIC06) - SSS,Industry sales - Subannual Financial Collection,Legal and Accounting Services,Sales (operating income),Current prices,Trend,